pref	genome	S_alg	k	d	M_alg	real(s)	sys(s)	user(s)	percent_CPU	max_RAM(kb)	FS_inputs	FS_outputs	elapsed_time_alt(s)
spneumo-pangenome.S_eulertigs.k_11.d_na.M_default	spneumo-pangenome	eulertigs	11	na	default	1.30	0.06	0.21	21%	30272	0	0	3.047518
spneumo-pangenome.S_eulertigs.k_11.d_na.M_ones	spneumo-pangenome	eulertigs	11	na	ones	8.13	0.16	6.33	79%	401112	0	0	8.154439
spneumo-pangenome.S_eulertigs.k_11.d_na.M_runs	spneumo-pangenome	eulertigs	11	na	runs	13.96	0.21	11.94	87%	295560	0	0	14.003565
spneumo-pangenome.S_eulertigs.k_11.d_na.M_zeros	spneumo-pangenome	eulertigs	11	na	zeros	7.69	0.13	6.08	80%	307184	0	0	7.7526
spneumo-pangenome.S_greedytigs.k_11.d_na.M_default	spneumo-pangenome	greedytigs	11	na	default	0.19	0.03	0.06	51%	26096	0	0	1.492824
spneumo-pangenome.S_greedytigs.k_11.d_na.M_ones	spneumo-pangenome	greedytigs	11	na	ones	6.87	0.15	5.59	83%	375368	0	0	6.908622
spneumo-pangenome.S_greedytigs.k_11.d_na.M_runs	spneumo-pangenome	greedytigs	11	na	runs	10.71	0.12	9.23	87%	248460	0	0	10.762752
spneumo-pangenome.S_greedytigs.k_11.d_na.M_zeros	spneumo-pangenome	greedytigs	11	na	zeros	6.57	0.11	5.50	85%	273320	0	0	6.622034
spneumo-pangenome.S_eulertigs.k_12.d_na.M_default	spneumo-pangenome	eulertigs	12	na	default	0.70	0.05	0.42	68%	52140	0	0	8.185567
spneumo-pangenome.S_eulertigs.k_12.d_na.M_ones	spneumo-pangenome	eulertigs	12	na	ones	23.23	0.33	16.09	70%	901460	0	0	23.288147
spneumo-pangenome.S_eulertigs.k_12.d_na.M_runs	spneumo-pangenome	eulertigs	12	na	runs	41.29	0.46	33.48	82%	689964	0	0	41.350099
spneumo-pangenome.S_eulertigs.k_12.d_na.M_zeros	spneumo-pangenome	eulertigs	12	na	zeros	23.09	0.32	16.40	72%	668812	0	0	23.127373
spneumo-pangenome.S_greedytigs.k_12.d_na.M_default	spneumo-pangenome	greedytigs	12	na	default	24.90	0.15	0.11	1%	29952	0	0	31.524433
spneumo-pangenome.S_greedytigs.k_12.d_na.M_ones	spneumo-pangenome	greedytigs	12	na	ones	17.50	0.27	13.69	79%	736352	0	0	17.527879
spneumo-pangenome.S_greedytigs.k_12.d_na.M_runs	spneumo-pangenome	greedytigs	12	na	runs	26.85	0.27	22.80	85%	494116	0	0	26.901547
spneumo-pangenome.S_greedytigs.k_12.d_na.M_zeros	spneumo-pangenome	greedytigs	12	na	zeros	16.86	0.22	13.47	81%	531432	0	0	16.899235
spneumo-pangenome.S_eulertigs.k_13.d_na.M_default	spneumo-pangenome	eulertigs	13	na	default	1.14	0.06	0.53	51%	66548	0	0	14.101121
spneumo-pangenome.S_eulertigs.k_13.d_na.M_ones	spneumo-pangenome	eulertigs	13	na	ones	41.34	1.25	26.66	67%	1320868	0	0	41.483337
spneumo-pangenome.S_eulertigs.k_13.d_na.M_runs	spneumo-pangenome	eulertigs	13	na	runs	67.55	1.07	49.38	74%	692560	0	0	67.595288
spneumo-pangenome.S_eulertigs.k_13.d_na.M_zeros	spneumo-pangenome	eulertigs	13	na	zeros	43.34	0.59	26.91	63%	1090164	0	0	43.442846
spneumo-pangenome.S_greedytigs.k_13.d_na.M_default	spneumo-pangenome	greedytigs	13	na	default	0.67	0.06	0.13	28%	40532	0	0	7.772961
spneumo-pangenome.S_greedytigs.k_13.d_na.M_ones	spneumo-pangenome	greedytigs	13	na	ones	38.10	3.17	24.09	71%	1074996	0	0	38.14989
spneumo-pangenome.S_greedytigs.k_13.d_na.M_runs	spneumo-pangenome	greedytigs	13	na	runs	50.06	2.02	38.48	80%	453980	0	0	50.197393
spneumo-pangenome.S_greedytigs.k_13.d_na.M_zeros	spneumo-pangenome	greedytigs	13	na	zeros	34.06	2.18	22.50	72%	754636	0	0	34.112986
spneumo-pangenome.S_eulertigs.k_14.d_na.M_default	spneumo-pangenome	eulertigs	14	na	default	1.19	0.07	0.47	46%	62664	0	0	14.626704
spneumo-pangenome.S_eulertigs.k_14.d_na.M_ones	spneumo-pangenome	eulertigs	14	na	ones	56.15	3.18	31.78	62%	1424868	0	0	56.525996
spneumo-pangenome.S_eulertigs.k_14.d_na.M_runs	spneumo-pangenome	eulertigs	14	na	runs	76.73	2.86	50.60	69%	710524	0	0	76.962394
spneumo-pangenome.S_eulertigs.k_14.d_na.M_zeros	spneumo-pangenome	eulertigs	14	na	zeros	55.93	3.13	32.20	63%	899520	0	0	56.093223
spneumo-pangenome.S_greedytigs.k_14.d_na.M_default	spneumo-pangenome	greedytigs	14	na	default	0.55	0.06	0.15	38%	40616	0	0	9.2341
spneumo-pangenome.S_greedytigs.k_14.d_na.M_ones	spneumo-pangenome	greedytigs	14	na	ones	44.86	4.08	27.66	70%	1217160	0	0	44.899043
spneumo-pangenome.S_greedytigs.k_14.d_na.M_runs	spneumo-pangenome	greedytigs	14	na	runs	60.33	3.43	44.43	79%	793456	0	0	60.367094
spneumo-pangenome.S_greedytigs.k_14.d_na.M_zeros	spneumo-pangenome	greedytigs	14	na	zeros	41.89	2.87	27.14	71%	875256	0	0	41.943586
spneumo-pangenome.S_eulertigs.k_15.d_na.M_default	spneumo-pangenome	eulertigs	15	na	default	1.26	0.08	0.40	38%	54608	0	0	13.671539
spneumo-pangenome.S_eulertigs.k_15.d_na.M_ones	spneumo-pangenome	eulertigs	15	na	ones	4790.96	0.68	29.90	0%	1511560	0	0	4791.104499
spneumo-pangenome.S_eulertigs.k_15.d_na.M_runs	spneumo-pangenome	eulertigs	15	na	runs	9076.77	1.11	51.63	0%	981968	0	0	9076.848794
spneumo-pangenome.S_eulertigs.k_15.d_na.M_zeros	spneumo-pangenome	eulertigs	15	na	zeros	5332.26	1.96	32.34	0%	992696	0	0	5332.432968
spneumo-pangenome.S_greedytigs.k_15.d_na.M_default	spneumo-pangenome	greedytigs	15	na	default	0.62	0.05	0.17	37%	41136	0	0	10.811286
spneumo-pangenome.S_greedytigs.k_15.d_na.M_ones	spneumo-pangenome	greedytigs	15	na	ones	38.96	1.09	28.94	77%	1370172	0	0	39.040248
spneumo-pangenome.S_greedytigs.k_15.d_na.M_runs	spneumo-pangenome	greedytigs	15	na	runs	55.77	0.77	44.80	81%	853532	0	0	55.832756
spneumo-pangenome.S_greedytigs.k_15.d_na.M_zeros	spneumo-pangenome	greedytigs	15	na	zeros	37.57	0.84	27.90	76%	892128	0	0	37.626787
spneumo-pangenome.S_eulertigs.k_16.d_na.M_default	spneumo-pangenome	eulertigs	16	na	default	0.93	0.06	0.32	42%	51908	0	0	12.841824
spneumo-pangenome.S_eulertigs.k_16.d_na.M_ones	spneumo-pangenome	eulertigs	16	na	ones	52.23	2.37	33.18	68%	1450288	0	0	52.342991
spneumo-pangenome.S_eulertigs.k_16.d_na.M_runs	spneumo-pangenome	eulertigs	16	na	runs	72.91	1.58	51.36	72%	920468	0	0	72.93908
spneumo-pangenome.S_eulertigs.k_16.d_na.M_zeros	spneumo-pangenome	eulertigs	16	na	zeros	48.24	1.00	33.37	71%	1062412	0	0	48.323002
spneumo-pangenome.S_greedytigs.k_16.d_na.M_default	spneumo-pangenome	greedytigs	16	na	default	0.43	0.05	0.17	53%	41848	0	0	10.981834
spneumo-pangenome.S_greedytigs.k_16.d_na.M_ones	spneumo-pangenome	greedytigs	16	na	ones	42.34	1.64	30.03	74%	1452188	0	0	42.394183
spneumo-pangenome.S_greedytigs.k_16.d_na.M_runs	spneumo-pangenome	greedytigs	16	na	runs	57.26	0.76	47.50	84%	1064396	0	0	57.324146
spneumo-pangenome.S_greedytigs.k_16.d_na.M_zeros	spneumo-pangenome	greedytigs	16	na	zeros	39.81	0.82	29.58	76%	1011272	0	0	39.86077
spneumo-pangenome.S_matchtigs.k_16.d_na.M_default	spneumo-pangenome	matchtigs	16	na	default	0.50	0.05	0.19	50%	41836	0	0	10.862205
spneumo-pangenome.S_matchtigs.k_16.d_na.M_ones	spneumo-pangenome	matchtigs	16	na	ones	42.67	1.69	29.69	73%	1447208	0	0	42.764079
spneumo-pangenome.S_matchtigs.k_16.d_na.M_runs	spneumo-pangenome	matchtigs	16	na	runs	61.88	1.44	48.44	80%	1012816	0	0	61.964714
spneumo-pangenome.S_matchtigs.k_16.d_na.M_zeros	spneumo-pangenome	matchtigs	16	na	zeros	41.50	1.43	29.97	75%	906544	0	0	41.550155
spneumo-pangenome.S_eulertigs.k_17.d_na.M_default	spneumo-pangenome	eulertigs	17	na	default	1.40	0.09	0.36	32%	50820	0	0	13.897826
spneumo-pangenome.S_eulertigs.k_17.d_na.M_ones	spneumo-pangenome	eulertigs	17	na	ones	56.88	2.21	34.64	64%	1387308	0	0	57.110548
spneumo-pangenome.S_eulertigs.k_17.d_na.M_runs	spneumo-pangenome	eulertigs	17	na	runs	98.49	2.24	55.84	58%	982096	0	0	98.730464
spneumo-pangenome.S_eulertigs.k_17.d_na.M_zeros	spneumo-pangenome	eulertigs	17	na	zeros	52.81	1.69	35.15	69%	999008	0	0	52.858861
spneumo-pangenome.S_greedytigs.k_17.d_na.M_default	spneumo-pangenome	greedytigs	17	na	default	0.65	0.06	0.19	39%	42604	0	0	11.650918
spneumo-pangenome.S_greedytigs.k_17.d_na.M_ones	spneumo-pangenome	greedytigs	17	na	ones	41.96	1.45	31.53	78%	1494736	0	0	42.089189
spneumo-pangenome.S_greedytigs.k_17.d_na.M_runs	spneumo-pangenome	greedytigs	17	na	runs	60.03	0.67	50.68	85%	932260	0	0	60.07042
spneumo-pangenome.S_greedytigs.k_17.d_na.M_zeros	spneumo-pangenome	greedytigs	17	na	zeros	40.95	0.92	31.24	78%	1001796	0	0	40.991279
spneumo-pangenome.S_matchtigs.k_17.d_na.M_default	spneumo-pangenome	matchtigs	17	na	default	0.95	0.06	0.21	28%	42548	0	0	11.642267
spneumo-pangenome.S_matchtigs.k_17.d_na.M_ones	spneumo-pangenome	matchtigs	17	na	ones	41.66	1.25	31.49	78%	1480768	0	0	41.700245
spneumo-pangenome.S_matchtigs.k_17.d_na.M_runs	spneumo-pangenome	matchtigs	17	na	runs	58.71	0.86	48.81	84%	965796	0	0	58.82654
spneumo-pangenome.S_matchtigs.k_17.d_na.M_zeros	spneumo-pangenome	matchtigs	17	na	zeros	41.11	0.97	31.46	78%	929448	0	0	41.157581
spneumo-pangenome.S_eulertigs.k_18.d_na.M_default	spneumo-pangenome	eulertigs	18	na	default	0.92	0.06	0.28	38%	50356	0	0	13.147274
spneumo-pangenome.S_eulertigs.k_18.d_na.M_ones	spneumo-pangenome	eulertigs	18	na	ones	58.91	2.69	38.41	69%	1576220	0	0	59.007522
spneumo-pangenome.S_eulertigs.k_18.d_na.M_runs	spneumo-pangenome	eulertigs	18	na	runs	83.56	2.84	57.55	72%	925464	0	0	83.860433
spneumo-pangenome.S_eulertigs.k_18.d_na.M_zeros	spneumo-pangenome	eulertigs	18	na	zeros	57.56	2.02	37.59	68%	746004	0	0	57.725387
spneumo-pangenome.S_greedytigs.k_18.d_na.M_default	spneumo-pangenome	greedytigs	18	na	default	0.90	0.06	0.20	30%	43536	0	0	12.111989
spneumo-pangenome.S_greedytigs.k_18.d_na.M_ones	spneumo-pangenome	greedytigs	18	na	ones	46.15	1.64	34.41	78%	1521976	0	0	46.183315
spneumo-pangenome.S_greedytigs.k_18.d_na.M_runs	spneumo-pangenome	greedytigs	18	na	runs	65.82	0.96	53.91	83%	929260	0	0	65.871559
spneumo-pangenome.S_greedytigs.k_18.d_na.M_zeros	spneumo-pangenome	greedytigs	18	na	zeros	45.74	1.19	34.08	77%	1079196	0	0	45.800989
spneumo-pangenome.S_matchtigs.k_18.d_na.M_default	spneumo-pangenome	matchtigs	18	na	default	0.71	0.06	0.19	36%	43472	0	0	11.960002
spneumo-pangenome.S_matchtigs.k_18.d_na.M_ones	spneumo-pangenome	matchtigs	18	na	ones	46.78	1.82	33.76	76%	1512076	0	0	46.840362
spneumo-pangenome.S_matchtigs.k_18.d_na.M_runs	spneumo-pangenome	matchtigs	18	na	runs	63.63	1.06	52.26	83%	925700	0	0	63.676565
spneumo-pangenome.S_matchtigs.k_18.d_na.M_zeros	spneumo-pangenome	matchtigs	18	na	zeros	45.26	1.13	33.39	76%	1067428	0	0	45.344135
spneumo-pangenome.S_eulertigs.k_19.d_na.M_default	spneumo-pangenome	eulertigs	19	na	default	1.45	0.08	0.32	28%	50700	0	0	14.253581
spneumo-pangenome.S_eulertigs.k_19.d_na.M_ones	spneumo-pangenome	eulertigs	19	na	ones	58.84	2.40	38.45	69%	1606120	0	0	58.916684
spneumo-pangenome.S_eulertigs.k_19.d_na.M_runs	spneumo-pangenome	eulertigs	19	na	runs	91.79	1.30	60.00	66%	1031604	0	0	92.112596
spneumo-pangenome.S_eulertigs.k_19.d_na.M_zeros	spneumo-pangenome	eulertigs	19	na	zeros	58.17	2.05	38.74	70%	954584	0	0	58.280358
spneumo-pangenome.S_greedytigs.k_19.d_na.M_default	spneumo-pangenome	greedytigs	19	na	default	0.77	0.06	0.20	34%	44240	0	0	12.440926
spneumo-pangenome.S_greedytigs.k_19.d_na.M_ones	spneumo-pangenome	greedytigs	19	na	ones	48.20	1.47	35.81	77%	1561232	0	0	48.244091
spneumo-pangenome.S_greedytigs.k_19.d_na.M_runs	spneumo-pangenome	greedytigs	19	na	runs	69.85	0.95	57.64	83%	1001692	0	0	69.911205
spneumo-pangenome.S_greedytigs.k_19.d_na.M_zeros	spneumo-pangenome	greedytigs	19	na	zeros	48.55	1.09	36.49	77%	1048808	0	0	48.619492
spneumo-pangenome.S_matchtigs.k_19.d_na.M_default	spneumo-pangenome	matchtigs	19	na	default	0.86	0.06	0.20	31%	44136	0	0	12.573142
spneumo-pangenome.S_matchtigs.k_19.d_na.M_ones	spneumo-pangenome	matchtigs	19	na	ones	52.25	2.79	36.72	75%	937652	0	0	52.309109
spneumo-pangenome.S_matchtigs.k_19.d_na.M_runs	spneumo-pangenome	matchtigs	19	na	runs	70.59	2.10	56.26	82%	956300	0	0	70.66477
spneumo-pangenome.S_matchtigs.k_19.d_na.M_zeros	spneumo-pangenome	matchtigs	19	na	zeros	47.86	1.51	34.83	75%	966336	0	0	47.915945
spneumo-pangenome.S_eulertigs.k_20.d_na.M_default	spneumo-pangenome	eulertigs	20	na	default	0.57	0.05	0.27	57%	51944	0	0	13.894573
spneumo-pangenome.S_eulertigs.k_20.d_na.M_ones	spneumo-pangenome	eulertigs	20	na	ones	5341.79	2.90	40.08	0%	1637508	0	0	5341.846439
spneumo-pangenome.S_eulertigs.k_20.d_na.M_runs	spneumo-pangenome	eulertigs	20	na	runs	5366.11	2.25	62.96	1%	949100	0	0	5366.18034
spneumo-pangenome.S_eulertigs.k_20.d_na.M_zeros	spneumo-pangenome	eulertigs	20	na	zeros	71.07	4.17	42.16	65%	767400	0	0	71.536203
spneumo-pangenome.S_greedytigs.k_20.d_na.M_default	spneumo-pangenome	greedytigs	20	na	default	0.44	0.05	0.17	51%	45028	0	0	12.380555
spneumo-pangenome.S_greedytigs.k_20.d_na.M_ones	spneumo-pangenome	greedytigs	20	na	ones	47.70	1.10	37.16	80%	1663796	0	0	47.749711
spneumo-pangenome.S_greedytigs.k_20.d_na.M_runs	spneumo-pangenome	greedytigs	20	na	runs	70.19	0.84	59.08	85%	1043220	0	0	70.241199
spneumo-pangenome.S_greedytigs.k_20.d_na.M_zeros	spneumo-pangenome	greedytigs	20	na	zeros	47.73	0.84	37.00	79%	992948	0	0	47.789689
spneumo-pangenome.S_matchtigs.k_20.d_na.M_default	spneumo-pangenome	matchtigs	20	na	default	0.47	0.06	0.19	52%	44504	0	0	12.444055
spneumo-pangenome.S_matchtigs.k_20.d_na.M_ones	spneumo-pangenome	matchtigs	20	na	ones	49.83	1.64	38.38	80%	1583268	0	0	49.899285
spneumo-pangenome.S_matchtigs.k_20.d_na.M_runs	spneumo-pangenome	matchtigs	20	na	runs	68.85	0.89	58.23	85%	1032248	0	0	68.88473
spneumo-pangenome.S_matchtigs.k_20.d_na.M_zeros	spneumo-pangenome	matchtigs	20	na	zeros	48.45	1.25	36.19	77%	979428	0	0	48.534558
spneumo-pangenome.S_eulertigs.k_21.d_na.M_default	spneumo-pangenome	eulertigs	21	na	default	0.73	0.06	0.26	45%	51432	0	0	14.357628
spneumo-pangenome.S_eulertigs.k_21.d_na.M_ones	spneumo-pangenome	eulertigs	21	na	ones	70.07	4.79	42.96	68%	1014600	0	0	70.415899
spneumo-pangenome.S_eulertigs.k_21.d_na.M_runs	spneumo-pangenome	eulertigs	21	na	runs	101.22	7.51	66.26	72%	869836	0	0	101.561358
spneumo-pangenome.S_eulertigs.k_21.d_na.M_zeros	spneumo-pangenome	eulertigs	21	na	zeros	71.87	4.69	43.02	66%	795008	0	0	72.086432
spneumo-pangenome.S_greedytigs.k_21.d_na.M_default	spneumo-pangenome	greedytigs	21	na	default	0.97	0.06	0.19	26%	45664	0	0	13.314192
spneumo-pangenome.S_greedytigs.k_21.d_na.M_ones	spneumo-pangenome	greedytigs	21	na	ones	50.27	1.39	39.23	80%	1622068	0	0	50.336185
spneumo-pangenome.S_greedytigs.k_21.d_na.M_runs	spneumo-pangenome	greedytigs	21	na	runs	74.65	1.19	62.45	85%	1000636	0	0	74.703306
spneumo-pangenome.S_greedytigs.k_21.d_na.M_zeros	spneumo-pangenome	greedytigs	21	na	zeros	52.85	1.84	39.52	78%	1007196	0	0	52.908041
spneumo-pangenome.S_matchtigs.k_21.d_na.M_default	spneumo-pangenome	matchtigs	21	na	default	0.44	0.05	0.17	51%	45680	0	0	12.48897
spneumo-pangenome.S_matchtigs.k_21.d_na.M_ones	spneumo-pangenome	matchtigs	21	na	ones	52.50	2.55	38.58	78%	1595308	0	0	52.587567
spneumo-pangenome.S_matchtigs.k_21.d_na.M_runs	spneumo-pangenome	matchtigs	21	na	runs	76.97	2.01	62.84	84%	993528	0	0	77.029454
spneumo-pangenome.S_matchtigs.k_21.d_na.M_zeros	spneumo-pangenome	matchtigs	21	na	zeros	52.74	1.52	39.48	77%	1169396	0	0	52.782313
spneumo-pangenome.S_eulertigs.k_22.d_na.M_default	spneumo-pangenome	eulertigs	22	na	default	1.54	0.07	0.32	26%	52168	0	0	16.227501
spneumo-pangenome.S_eulertigs.k_22.d_na.M_ones	spneumo-pangenome	eulertigs	22	na	ones	1996.77	6.32	46.90	2%	916816	0	0	1996.915317
spneumo-pangenome.S_eulertigs.k_22.d_na.M_runs	spneumo-pangenome	eulertigs	22	na	runs	5394.17	12.10	72.88	1%	1014228	0	0	5394.299226
spneumo-pangenome.S_eulertigs.k_22.d_na.M_zeros	spneumo-pangenome	eulertigs	22	na	zeros	1996.08	6.05	46.84	2%	926096	0	0	1996.179356
spneumo-pangenome.S_greedytigs.k_22.d_na.M_default	spneumo-pangenome	greedytigs	22	na	default	0.55	0.06	0.18	44%	46528	0	0	13.262376
spneumo-pangenome.S_greedytigs.k_22.d_na.M_ones	spneumo-pangenome	greedytigs	22	na	ones	56.65	2.18	42.82	79%	1547988	0	0	56.715522
spneumo-pangenome.S_greedytigs.k_22.d_na.M_runs	spneumo-pangenome	greedytigs	22	na	runs	82.01	1.89	67.78	84%	1145324	0	0	82.107334
spneumo-pangenome.S_greedytigs.k_22.d_na.M_zeros	spneumo-pangenome	greedytigs	22	na	zeros	62.48	1.39	44.25	73%	1030088	0	0	62.706171
spneumo-pangenome.S_eulertigs.k_23.d_na.M_default	spneumo-pangenome	eulertigs	23	na	default	0.94	0.07	0.30	39%	52244	0	0	15.94465
spneumo-pangenome.S_eulertigs.k_23.d_na.M_ones	spneumo-pangenome	eulertigs	23	na	ones	68.54	2.19	48.90	74%	1767080	0	0	68.729247
spneumo-pangenome.S_eulertigs.k_23.d_na.M_runs	spneumo-pangenome	eulertigs	23	na	runs	95.60	1.70	73.53	78%	1028284	0	0	95.687906
spneumo-pangenome.S_eulertigs.k_23.d_na.M_zeros	spneumo-pangenome	eulertigs	23	na	zeros	66.23	1.35	48.13	74%	1148888	0	0	66.366089
spneumo-pangenome.S_greedytigs.k_23.d_na.M_default	spneumo-pangenome	greedytigs	23	na	default	0.61	0.06	0.19	42%	46832	0	0	13.774478
spneumo-pangenome.S_greedytigs.k_23.d_na.M_ones	spneumo-pangenome	greedytigs	23	na	ones	65.75	2.70	45.86	73%	1173008	0	0	65.798228
spneumo-pangenome.S_greedytigs.k_23.d_na.M_runs	spneumo-pangenome	greedytigs	23	na	runs	93.95	2.04	72.55	79%	982116	0	0	94.070474
spneumo-pangenome.S_greedytigs.k_23.d_na.M_zeros	spneumo-pangenome	greedytigs	23	na	zeros	65.15	1.92	46.68	74%	816364	0	0	65.311601
spneumo-pangenome.S_eulertigs.k_24.d_na.M_default	spneumo-pangenome	eulertigs	24	na	default	0.59	0.07	0.27	57%	52588	0	0	15.89837
spneumo-pangenome.S_eulertigs.k_24.d_na.M_ones	spneumo-pangenome	eulertigs	24	na	ones	357.45	2.21	47.89	14%	1796244	0	0	357.529972
spneumo-pangenome.S_eulertigs.k_24.d_na.M_runs	spneumo-pangenome	eulertigs	24	na	runs	3577.03	10.11	77.57	2%	1188080	0	0	3577.248121
spneumo-pangenome.S_eulertigs.k_24.d_na.M_zeros	spneumo-pangenome	eulertigs	24	na	zeros	358.38	1.61	48.54	13%	1134268	0	0	358.489134
spneumo-pangenome.S_greedytigs.k_24.d_na.M_default	spneumo-pangenome	greedytigs	24	na	default	0.50	0.06	0.18	50%	47560	0	0	14.007895
spneumo-pangenome.S_greedytigs.k_24.d_na.M_ones	spneumo-pangenome	greedytigs	24	na	ones	71.60	2.95	47.67	70%	1717836	0	0	71.964254
spneumo-pangenome.S_greedytigs.k_24.d_na.M_runs	spneumo-pangenome	greedytigs	24	na	runs	100.67	1.96	74.60	76%	987676	0	0	106.412586
spneumo-pangenome.S_greedytigs.k_24.d_na.M_zeros	spneumo-pangenome	greedytigs	24	na	zeros	70.51	2.39	47.78	71%	814220	0	0	70.665021
spneumo-pangenome.S_eulertigs.k_25.d_na.M_default	spneumo-pangenome	eulertigs	25	na	default	0.89	0.06	0.28	39%	54216	0	0	16.787098
spneumo-pangenome.S_eulertigs.k_25.d_na.M_ones	spneumo-pangenome	eulertigs	25	na	ones	73.94	2.15	52.08	73%	1845400	0	0	75.458998
spneumo-pangenome.S_eulertigs.k_25.d_na.M_runs	spneumo-pangenome	eulertigs	25	na	runs	120.06	5.99	80.86	72%	942212	0	0	120.294307
spneumo-pangenome.S_eulertigs.k_25.d_na.M_zeros	spneumo-pangenome	eulertigs	25	na	zeros	76.76	3.06	52.34	72%	910584	0	0	76.863298
spneumo-pangenome.S_greedytigs.k_25.d_na.M_default	spneumo-pangenome	greedytigs	25	na	default	1.00	0.07	0.21	28%	48184	0	0	14.837404
spneumo-pangenome.S_greedytigs.k_25.d_na.M_ones	spneumo-pangenome	greedytigs	25	na	ones	75.36	2.30	54.83	75%	1754716	0	0	75.435629
spneumo-pangenome.S_greedytigs.k_25.d_na.M_runs	spneumo-pangenome	greedytigs	25	na	runs	108.85	3.24	81.79	78%	1011796	0	0	108.931955
spneumo-pangenome.S_greedytigs.k_25.d_na.M_zeros	spneumo-pangenome	greedytigs	25	na	zeros	72.90	1.95	52.72	75%	940348	0	0	72.997635
spneumo-pangenome.S_eulertigs.k_26.d_na.M_default	spneumo-pangenome	eulertigs	26	na	default	0.80	0.05	0.25	37%	55216	0	0	17.260873
spneumo-pangenome.S_eulertigs.k_26.d_na.M_ones	spneumo-pangenome	eulertigs	26	na	ones	77.31	2.28	54.33	73%	1879596	0	0	77.368986
spneumo-pangenome.S_eulertigs.k_26.d_na.M_runs	spneumo-pangenome	eulertigs	26	na	runs	113.42	1.64	84.36	75%	1004660	0	0	113.594447
spneumo-pangenome.S_eulertigs.k_26.d_na.M_zeros	spneumo-pangenome	eulertigs	26	na	zeros	76.21	1.63	53.08	71%	1199536	0	0	76.307815
spneumo-pangenome.S_greedytigs.k_26.d_na.M_default	spneumo-pangenome	greedytigs	26	na	default	1.14	0.08	0.21	26%	48808	0	0	15.516795
spneumo-pangenome.S_greedytigs.k_26.d_na.M_ones	spneumo-pangenome	greedytigs	26	na	ones	75.95	2.67	55.35	76%	1403472	0	0	76.143263
spneumo-pangenome.S_greedytigs.k_26.d_na.M_runs	spneumo-pangenome	greedytigs	26	na	runs	117.16	2.11	90.49	79%	931240	0	0	117.403647
spneumo-pangenome.S_greedytigs.k_26.d_na.M_zeros	spneumo-pangenome	greedytigs	26	na	zeros	97.91	8.47	57.08	66%	978624	0	0	98.034109
spneumo-pangenome.S_eulertigs.k_27.d_na.M_default	spneumo-pangenome	eulertigs	27	na	default	0.81	0.05	0.24	36%	54968	0	0	17.905779
spneumo-pangenome.S_eulertigs.k_27.d_na.M_ones	spneumo-pangenome	eulertigs	27	na	ones	87.44	4.75	58.02	71%	868112	0	0	87.899919
spneumo-pangenome.S_eulertigs.k_27.d_na.M_runs	spneumo-pangenome	eulertigs	27	na	runs	123.03	6.90	87.35	76%	929796	0	0	123.102155
spneumo-pangenome.S_eulertigs.k_27.d_na.M_zeros	spneumo-pangenome	eulertigs	27	na	zeros	83.11	2.66	56.80	71%	894764	0	0	83.22594
spneumo-pangenome.S_greedytigs.k_27.d_na.M_default	spneumo-pangenome	greedytigs	27	na	default	0.53	0.06	0.18	46%	49552	0	0	15.078053
spneumo-pangenome.S_greedytigs.k_27.d_na.M_ones	spneumo-pangenome	greedytigs	27	na	ones	77.88	2.92	56.87	76%	1803528	0	0	77.966227
spneumo-pangenome.S_greedytigs.k_27.d_na.M_runs	spneumo-pangenome	greedytigs	27	na	runs	149.53	17.71	90.67	72%	1009856	0	0	149.757144
spneumo-pangenome.S_greedytigs.k_27.d_na.M_zeros	spneumo-pangenome	greedytigs	27	na	zeros	74.20	1.48	57.05	78%	993140	0	0	74.284002
spneumo-pangenome.S_eulertigs.k_28.d_na.M_default	spneumo-pangenome	eulertigs	28	na	default	0.82	0.05	0.25	37%	56536	0	0	18.554909
spneumo-pangenome.S_eulertigs.k_28.d_na.M_ones	spneumo-pangenome	eulertigs	28	na	ones	100.30	7.51	59.64	66%	964404	0	0	100.367858
spneumo-pangenome.S_eulertigs.k_28.d_na.M_runs	spneumo-pangenome	eulertigs	28	na	runs	138.82	9.82	90.75	72%	992200	0	0	139.915035
spneumo-pangenome.S_eulertigs.k_28.d_na.M_zeros	spneumo-pangenome	eulertigs	28	na	zeros	100.12	5.58	61.81	67%	609348	0	0	100.21384
spneumo-pangenome.S_greedytigs.k_28.d_na.M_default	spneumo-pangenome	greedytigs	28	na	default	0.61	0.07	0.21	47%	50368	0	0	15.86668
spneumo-pangenome.S_greedytigs.k_28.d_na.M_ones	spneumo-pangenome	greedytigs	28	na	ones	107.64	9.56	63.60	67%	1784612	0	0	107.773866
spneumo-pangenome.S_greedytigs.k_28.d_na.M_runs	spneumo-pangenome	greedytigs	28	na	runs	156.66	17.83	97.94	73%	957524	0	0	156.753337
spneumo-pangenome.S_greedytigs.k_28.d_na.M_zeros	spneumo-pangenome	greedytigs	28	na	zeros	102.81	8.56	61.84	68%	988864	0	0	102.893014
spneumo-pangenome.S_eulertigs.k_29.d_na.M_default	spneumo-pangenome	eulertigs	29	na	default	0.80	0.05	0.25	38%	56364	0	0	18.873864
spneumo-pangenome.S_eulertigs.k_29.d_na.M_ones	spneumo-pangenome	eulertigs	29	na	ones	156.13	19.31	66.92	55%	843168	0	0	156.211965
spneumo-pangenome.S_eulertigs.k_29.d_na.M_runs	spneumo-pangenome	eulertigs	29	na	runs	220.72	35.09	99.90	61%	990400	0	0	220.769269
spneumo-pangenome.S_eulertigs.k_29.d_na.M_zeros	spneumo-pangenome	eulertigs	29	na	zeros	151.02	17.63	68.72	57%	408264	0	0	151.119971
spneumo-pangenome.S_greedytigs.k_29.d_na.M_default	spneumo-pangenome	greedytigs	29	na	default	0.64	0.07	0.21	44%	50780	0	0	16.123002
spneumo-pangenome.S_greedytigs.k_29.d_na.M_ones	spneumo-pangenome	greedytigs	29	na	ones	111.66	11.30	64.41	67%	1861632	0	0	111.748211
spneumo-pangenome.S_greedytigs.k_29.d_na.M_runs	spneumo-pangenome	greedytigs	29	na	runs	149.77	7.13	97.76	70%	989864	0	0	150.402785
spneumo-pangenome.S_greedytigs.k_29.d_na.M_zeros	spneumo-pangenome	greedytigs	29	na	zeros	110.11	9.91	65.78	68%	1015188	0	0	110.24768
spneumo-pangenome.S_eulertigs.k_30.d_na.M_default	spneumo-pangenome	eulertigs	30	na	default	0.79	0.05	0.24	37%	56348	0	0	19.200837
spneumo-pangenome.S_eulertigs.k_30.d_na.M_ones	spneumo-pangenome	eulertigs	30	na	ones	94.15	3.12	63.77	71%	1321880	0	0	94.255235
spneumo-pangenome.S_eulertigs.k_30.d_na.M_runs	spneumo-pangenome	eulertigs	30	na	runs	130.39	2.71	97.55	76%	1191656	0	0	130.597011
spneumo-pangenome.S_eulertigs.k_30.d_na.M_zeros	spneumo-pangenome	eulertigs	30	na	zeros	99.26	2.05	65.43	67%	1266284	0	0	109.753272
spneumo-pangenome.S_greedytigs.k_30.d_na.M_default	spneumo-pangenome	greedytigs	30	na	default	0.83	0.07	0.21	35%	51412	0	0	16.739781
spneumo-pangenome.S_greedytigs.k_30.d_na.M_ones	spneumo-pangenome	greedytigs	30	na	ones	118.68	13.03	65.89	66%	842920	0	0	119.017849
spneumo-pangenome.S_greedytigs.k_30.d_na.M_runs	spneumo-pangenome	greedytigs	30	na	runs	169.12	21.91	102.30	73%	1005456	0	0	169.387698
spneumo-pangenome.S_greedytigs.k_30.d_na.M_zeros	spneumo-pangenome	greedytigs	30	na	zeros	93.36	4.12	63.17	72%	1023772	0	0	93.440888
spneumo-pangenome.S_eulertigs.k_31.d_na.M_default	spneumo-pangenome	eulertigs	31	na	default	0.83	0.05	0.26	38%	57688	0	0	19.758376
spneumo-pangenome.S_eulertigs.k_31.d_na.M_ones	spneumo-pangenome	eulertigs	31	na	ones	159.18	18.91	70.21	55%	883812	0	0	159.221628
spneumo-pangenome.S_eulertigs.k_31.d_na.M_runs	spneumo-pangenome	eulertigs	31	na	runs	228.67	33.29	106.84	61%	1040556	0	0	228.723882
spneumo-pangenome.S_eulertigs.k_31.d_na.M_zeros	spneumo-pangenome	eulertigs	31	na	zeros	156.86	17.76	73.54	58%	423688	0	0	156.897731
spneumo-pangenome.S_greedytigs.k_31.d_na.M_default	spneumo-pangenome	greedytigs	31	na	default	0.69	0.06	0.17	35%	52264	0	0	17.242002
spneumo-pangenome.S_greedytigs.k_31.d_na.M_ones	spneumo-pangenome	greedytigs	31	na	ones	103.97	6.53	67.47	71%	1017744	0	0	104.126624
spneumo-pangenome.S_greedytigs.k_31.d_na.M_runs	spneumo-pangenome	greedytigs	31	na	runs	200.33	27.45	110.06	68%	988840	0	0	200.519127
spneumo-pangenome.S_greedytigs.k_31.d_na.M_zeros	spneumo-pangenome	greedytigs	31	na	zeros	101.09	4.63	66.77	70%	773580	0	0	101.293382
spneumoniae.S_eulertigs.k_11.d_na.M_default	spneumoniae	eulertigs	11	na	default	0.64	0.06	0.22	43%	28272	0	0	1.853467
spneumoniae.S_eulertigs.k_11.d_na.M_ones	spneumoniae	eulertigs	11	na	ones	6.06	0.12	4.59	77%	278912	0	0	6.107774
spneumoniae.S_eulertigs.k_11.d_na.M_runs	spneumoniae	eulertigs	11	na	runs	10.67	0.16	8.82	84%	199448	0	0	10.741138
spneumoniae.S_eulertigs.k_11.d_na.M_zeros	spneumoniae	eulertigs	11	na	zeros	6.10	0.10	4.63	77%	211820	0	0	6.154411
spneumoniae.S_greedytigs.k_11.d_na.M_default	spneumoniae	greedytigs	11	na	default	0.17	0.03	0.06	54%	23668	0	0	0.888364
spneumoniae.S_greedytigs.k_11.d_na.M_ones	spneumoniae	greedytigs	11	na	ones	4.76	0.10	3.91	84%	238420	0	0	4.848927
spneumoniae.S_greedytigs.k_11.d_na.M_runs	spneumoniae	greedytigs	11	na	runs	7.11	0.09	6.13	87%	151992	0	0	7.166142
spneumoniae.S_greedytigs.k_11.d_na.M_zeros	spneumoniae	greedytigs	11	na	zeros	4.48	0.08	3.78	86%	175836	0	0	4.512303
spneumoniae.S_eulertigs.k_12.d_na.M_default	spneumoniae	eulertigs	12	na	default	0.65	0.06	0.25	48%	32580	0	0	2.767948
spneumoniae.S_eulertigs.k_12.d_na.M_ones	spneumoniae	eulertigs	12	na	ones	9.54	0.17	7.41	79%	432344	0	0	9.602628
spneumoniae.S_eulertigs.k_12.d_na.M_runs	spneumoniae	eulertigs	12	na	runs	15.67	0.21	13.30	86%	320360	0	0	15.69529
spneumoniae.S_eulertigs.k_12.d_na.M_zeros	spneumoniae	eulertigs	12	na	zeros	9.19	0.15	7.28	80%	335108	0	0	9.249162
spneumoniae.S_greedytigs.k_12.d_na.M_default	spneumoniae	greedytigs	12	na	default	0.23	0.03	0.06	40%	26016	0	0	1.440604
spneumoniae.S_greedytigs.k_12.d_na.M_ones	spneumoniae	greedytigs	12	na	ones	7.61	0.15	6.27	84%	373052	0	0	7.664323
spneumoniae.S_greedytigs.k_12.d_na.M_runs	spneumoniae	greedytigs	12	na	runs	11.09	0.11	9.73	88%	251616	0	0	11.148197
spneumoniae.S_greedytigs.k_12.d_na.M_zeros	spneumoniae	greedytigs	12	na	zeros	7.11	0.12	5.98	85%	274008	0	0	7.179523
spneumoniae.S_eulertigs.k_13.d_na.M_default	spneumoniae	eulertigs	13	na	default	0.91	0.07	0.22	32%	30356	0	0	3.188277
spneumoniae.S_eulertigs.k_13.d_na.M_ones	spneumoniae	eulertigs	13	na	ones	10.16	0.17	8.06	81%	456716	0	0	10.18207
spneumoniae.S_eulertigs.k_13.d_na.M_runs	spneumoniae	eulertigs	13	na	runs	15.62	0.19	13.41	87%	304516	0	0	15.668913
spneumoniae.S_eulertigs.k_13.d_na.M_zeros	spneumoniae	eulertigs	13	na	zeros	9.71	0.15	7.66	80%	336620	0	0	9.755863
spneumoniae.S_greedytigs.k_13.d_na.M_default	spneumoniae	greedytigs	13	na	default	0.21	0.03	0.06	45%	26440	0	0	1.669608
spneumoniae.S_greedytigs.k_13.d_na.M_ones	spneumoniae	greedytigs	13	na	ones	8.81	0.17	6.92	80%	401328	0	0	8.874242
spneumoniae.S_greedytigs.k_13.d_na.M_runs	spneumoniae	greedytigs	13	na	runs	13.06	0.13	10.89	84%	273608	0	0	13.099693
spneumoniae.S_greedytigs.k_13.d_na.M_zeros	spneumoniae	greedytigs	13	na	zeros	8.66	0.14	6.84	80%	287504	0	0	8.718995
spneumoniae.S_matchtigs.k_13.d_na.M_default	spneumoniae	matchtigs	13	na	default	0.34	0.02	0.06	27%	26768	0	0	1.65114
spneumoniae.S_matchtigs.k_13.d_na.M_ones	spneumoniae	matchtigs	13	na	ones	8.05	0.16	6.65	84%	400540	0	0	8.10856
spneumoniae.S_matchtigs.k_13.d_na.M_runs	spneumoniae	matchtigs	13	na	runs	11.99	0.13	10.54	89%	273368	0	0	12.051724
spneumoniae.S_matchtigs.k_13.d_na.M_zeros	spneumoniae	matchtigs	13	na	zeros	8.12	0.12	6.75	84%	285328	0	0	8.142
spneumoniae.S_eulertigs.k_14.d_na.M_default	spneumoniae	eulertigs	14	na	default	2.17	0.06	0.16	10%	25272	0	0	4.844422
spneumoniae.S_eulertigs.k_14.d_na.M_ones	spneumoniae	eulertigs	14	na	ones	9.94	0.18	7.62	78%	433480	0	0	10.021191
spneumoniae.S_eulertigs.k_14.d_na.M_runs	spneumoniae	eulertigs	14	na	runs	14.95	0.20	12.33	83%	289968	0	0	15.083995
spneumoniae.S_eulertigs.k_14.d_na.M_zeros	spneumoniae	eulertigs	14	na	zeros	9.41	0.13	7.62	82%	309664	0	0	9.436017
spneumoniae.S_greedytigs.k_14.d_na.M_default	spneumoniae	greedytigs	14	na	default	0.43	0.03	0.07	26%	26464	0	0	1.867843
spneumoniae.S_greedytigs.k_14.d_na.M_ones	spneumoniae	greedytigs	14	na	ones	8.75	0.17	7.07	82%	405596	0	0	8.779403
spneumoniae.S_greedytigs.k_14.d_na.M_runs	spneumoniae	greedytigs	14	na	runs	13.02	0.13	11.34	88%	278432	0	0	13.045255
spneumoniae.S_greedytigs.k_14.d_na.M_zeros	spneumoniae	greedytigs	14	na	zeros	8.60	0.13	6.97	82%	290300	0	0	8.659786
spneumoniae.S_matchtigs.k_14.d_na.M_default	spneumoniae	matchtigs	14	na	default	0.47	0.03	0.07	23%	26624	0	0	1.935872
spneumoniae.S_matchtigs.k_14.d_na.M_ones	spneumoniae	matchtigs	14	na	ones	8.65	0.16	7.16	84%	406532	0	0	8.675442
spneumoniae.S_matchtigs.k_14.d_na.M_runs	spneumoniae	matchtigs	14	na	runs	13.13	0.14	11.17	86%	281720	0	0	13.194543
spneumoniae.S_matchtigs.k_14.d_na.M_zeros	spneumoniae	matchtigs	14	na	zeros	8.56	0.13	7.10	84%	284352	0	0	8.588235
spneumoniae.S_eulertigs.k_15.d_na.M_default	spneumoniae	eulertigs	15	na	default	0.20	0.03	0.07	50%	26616	0	0	1.431683
spneumoniae.S_eulertigs.k_15.d_na.M_ones	spneumoniae	eulertigs	15	na	ones	9.50	0.18	7.65	82%	422300	0	0	9.543092
spneumoniae.S_eulertigs.k_15.d_na.M_runs	spneumoniae	eulertigs	15	na	runs	14.91	0.19	12.21	83%	287116	0	0	15.002616
spneumoniae.S_eulertigs.k_15.d_na.M_zeros	spneumoniae	eulertigs	15	na	zeros	9.29	0.13	7.42	81%	298424	0	0	9.351445
spneumoniae.S_greedytigs.k_15.d_na.M_default	spneumoniae	greedytigs	15	na	default	0.36	0.03	0.06	26%	26200	0	0	1.85342
spneumoniae.S_greedytigs.k_15.d_na.M_ones	spneumoniae	greedytigs	15	na	ones	8.82	0.17	7.16	83%	409140	0	0	8.856773
spneumoniae.S_greedytigs.k_15.d_na.M_runs	spneumoniae	greedytigs	15	na	runs	13.16	0.14	11.61	89%	282912	0	0	13.187944
spneumoniae.S_greedytigs.k_15.d_na.M_zeros	spneumoniae	greedytigs	15	na	zeros	8.70	0.13	7.02	82%	287456	0	0	8.767773
spneumoniae.S_matchtigs.k_15.d_na.M_default	spneumoniae	matchtigs	15	na	default	0.36	0.02	0.06	25%	26420	0	0	1.84076
spneumoniae.S_matchtigs.k_15.d_na.M_ones	spneumoniae	matchtigs	15	na	ones	8.84	0.17	7.32	84%	409376	0	0	8.892665
spneumoniae.S_matchtigs.k_15.d_na.M_runs	spneumoniae	matchtigs	15	na	runs	12.78	0.14	11.35	89%	282784	0	0	12.825983
spneumoniae.S_matchtigs.k_15.d_na.M_zeros	spneumoniae	matchtigs	15	na	zeros	8.96	0.14	7.30	83%	294700	0	0	9.024721
spneumoniae.S_eulertigs.k_16.d_na.M_default	spneumoniae	eulertigs	16	na	default	0.24	0.02	0.06	36%	26764	0	0	1.548442
spneumoniae.S_eulertigs.k_16.d_na.M_ones	spneumoniae	eulertigs	16	na	ones	9.45	0.18	7.53	81%	452188	0	0	9.483409
spneumoniae.S_eulertigs.k_16.d_na.M_runs	spneumoniae	eulertigs	16	na	runs	13.73	0.15	11.77	86%	320028	0	0	13.805763
spneumoniae.S_eulertigs.k_16.d_na.M_zeros	spneumoniae	eulertigs	16	na	zeros	9.30	0.14	7.37	80%	321196	0	0	9.495492
spneumoniae.S_greedytigs.k_16.d_na.M_default	spneumoniae	greedytigs	16	na	default	0.25	0.03	0.07	41%	25976	0	0	1.744108
spneumoniae.S_greedytigs.k_16.d_na.M_ones	spneumoniae	greedytigs	16	na	ones	9.01	0.17	7.56	85%	445592	0	0	9.027115
spneumoniae.S_greedytigs.k_16.d_na.M_runs	spneumoniae	greedytigs	16	na	runs	13.50	0.15	12.02	90%	318348	0	0	13.55627
spneumoniae.S_greedytigs.k_16.d_na.M_zeros	spneumoniae	greedytigs	16	na	zeros	8.82	0.14	7.46	86%	328076	0	0	8.920458
spneumoniae.S_matchtigs.k_16.d_na.M_default	spneumoniae	matchtigs	16	na	default	0.34	0.02	0.06	26%	26612	0	0	1.836281
spneumoniae.S_matchtigs.k_16.d_na.M_ones	spneumoniae	matchtigs	16	na	ones	8.98	0.18	7.48	85%	447680	0	0	9.006192
spneumoniae.S_matchtigs.k_16.d_na.M_runs	spneumoniae	matchtigs	16	na	runs	13.49	0.16	11.90	89%	318748	0	0	13.517804
spneumoniae.S_matchtigs.k_16.d_na.M_zeros	spneumoniae	matchtigs	16	na	zeros	9.15	0.14	7.56	84%	325952	0	0	9.205922
spneumoniae.S_eulertigs.k_17.d_na.M_default	spneumoniae	eulertigs	17	na	default	0.36	0.03	0.07	29%	26752	0	0	2.114016
spneumoniae.S_eulertigs.k_17.d_na.M_ones	spneumoniae	eulertigs	17	na	ones	9.84	0.17	7.92	82%	446640	0	0	9.899186
spneumoniae.S_eulertigs.k_17.d_na.M_runs	spneumoniae	eulertigs	17	na	runs	14.23	0.17	12.40	88%	318048	0	0	14.296856
spneumoniae.S_eulertigs.k_17.d_na.M_zeros	spneumoniae	eulertigs	17	na	zeros	9.76	0.14	7.85	81%	328488	0	0	9.863678
spneumoniae.S_greedytigs.k_17.d_na.M_default	spneumoniae	greedytigs	17	na	default	0.34	0.02	0.06	26%	26140	0	0	1.852993
spneumoniae.S_greedytigs.k_17.d_na.M_ones	spneumoniae	greedytigs	17	na	ones	9.19	0.16	7.66	85%	448488	0	0	9.22217
spneumoniae.S_greedytigs.k_17.d_na.M_runs	spneumoniae	greedytigs	17	na	runs	14.27	0.16	12.53	88%	319464	0	0	14.326648
spneumoniae.S_greedytigs.k_17.d_na.M_zeros	spneumoniae	greedytigs	17	na	zeros	9.10	0.12	7.60	84%	326504	0	0	9.185963
spneumoniae.S_matchtigs.k_17.d_na.M_default	spneumoniae	matchtigs	17	na	default	0.25	0.03	0.06	37%	26256	0	0	1.813399
spneumoniae.S_matchtigs.k_17.d_na.M_ones	spneumoniae	matchtigs	17	na	ones	9.43	0.17	7.89	85%	448648	0	0	9.458533
spneumoniae.S_matchtigs.k_17.d_na.M_runs	spneumoniae	matchtigs	17	na	runs	14.37	0.16	12.68	89%	317572	0	0	14.426361
spneumoniae.S_matchtigs.k_17.d_na.M_zeros	spneumoniae	matchtigs	17	na	zeros	9.19	0.13	7.60	84%	328088	0	0	9.249933
spneumoniae.S_eulertigs.k_18.d_na.M_default	spneumoniae	eulertigs	18	na	default	0.30	0.03	0.06	32%	26684	0	0	1.861695
spneumoniae.S_eulertigs.k_18.d_na.M_ones	spneumoniae	eulertigs	18	na	ones	10.02	0.18	7.95	81%	449044	0	0	10.07022
spneumoniae.S_eulertigs.k_18.d_na.M_runs	spneumoniae	eulertigs	18	na	runs	14.88	0.16	12.50	85%	320000	0	0	14.986865
spneumoniae.S_eulertigs.k_18.d_na.M_zeros	spneumoniae	eulertigs	18	na	zeros	10.29	0.14	8.23	81%	321240	0	0	10.335618
spneumoniae.S_greedytigs.k_18.d_na.M_default	spneumoniae	greedytigs	18	na	default	0.42	0.02	0.06	21%	26376	0	0	1.962812
spneumoniae.S_greedytigs.k_18.d_na.M_ones	spneumoniae	greedytigs	18	na	ones	9.73	0.18	8.18	86%	448724	0	0	9.749032
spneumoniae.S_greedytigs.k_18.d_na.M_runs	spneumoniae	greedytigs	18	na	runs	14.62	0.15	13.09	90%	319488	0	0	14.679181
spneumoniae.S_greedytigs.k_18.d_na.M_zeros	spneumoniae	greedytigs	18	na	zeros	9.67	0.14	8.09	85%	327868	0	0	9.728354
spneumoniae.S_matchtigs.k_18.d_na.M_default	spneumoniae	matchtigs	18	na	default	0.39	0.03	0.06	23%	26516	0	0	1.907681
spneumoniae.S_matchtigs.k_18.d_na.M_ones	spneumoniae	matchtigs	18	na	ones	9.72	0.19	8.01	84%	446308	0	0	9.774193
spneumoniae.S_matchtigs.k_18.d_na.M_runs	spneumoniae	matchtigs	18	na	runs	14.42	0.16	12.76	89%	319336	0	0	14.477739
spneumoniae.S_matchtigs.k_18.d_na.M_zeros	spneumoniae	matchtigs	18	na	zeros	9.38	0.14	7.85	85%	328768	0	0	9.44212
spneumoniae.S_eulertigs.k_19.d_na.M_default	spneumoniae	eulertigs	19	na	default	0.28	0.03	0.06	35%	26588	0	0	1.693364
spneumoniae.S_eulertigs.k_19.d_na.M_ones	spneumoniae	eulertigs	19	na	ones	10.01	0.17	8.39	85%	448124	0	0	10.089057
spneumoniae.S_eulertigs.k_19.d_na.M_runs	spneumoniae	eulertigs	19	na	runs	15.30	0.15	13.43	88%	318632	0	0	15.33287
spneumoniae.S_eulertigs.k_19.d_na.M_zeros	spneumoniae	eulertigs	19	na	zeros	9.80	0.13	8.11	84%	328600	0	0	9.857247
spneumoniae.S_greedytigs.k_19.d_na.M_default	spneumoniae	greedytigs	19	na	default	0.21	0.03	0.06	47%	26332	0	0	1.739846
spneumoniae.S_greedytigs.k_19.d_na.M_ones	spneumoniae	greedytigs	19	na	ones	9.85	0.20	8.29	86%	449200	0	0	9.879427
spneumoniae.S_greedytigs.k_19.d_na.M_runs	spneumoniae	greedytigs	19	na	runs	14.57	0.15	12.92	89%	317628	0	0	14.589263
spneumoniae.S_greedytigs.k_19.d_na.M_zeros	spneumoniae	greedytigs	19	na	zeros	9.93	0.14	8.23	84%	329100	0	0	9.990691
spneumoniae.S_matchtigs.k_19.d_na.M_default	spneumoniae	matchtigs	19	na	default	0.42	0.02	0.06	21%	26080	0	0	1.937488
spneumoniae.S_matchtigs.k_19.d_na.M_ones	spneumoniae	matchtigs	19	na	ones	9.97	0.18	8.48	86%	449448	0	0	10.020269
spneumoniae.S_matchtigs.k_19.d_na.M_runs	spneumoniae	matchtigs	19	na	runs	14.67	0.15	13.20	91%	320040	0	0	14.700154
spneumoniae.S_matchtigs.k_19.d_na.M_zeros	spneumoniae	matchtigs	19	na	zeros	9.59	0.14	8.23	87%	321748	0	0	9.644804
spneumoniae.S_eulertigs.k_20.d_na.M_default	spneumoniae	eulertigs	20	na	default	0.29	0.03	0.06	32%	26496	0	0	1.770885
spneumoniae.S_eulertigs.k_20.d_na.M_ones	spneumoniae	eulertigs	20	na	ones	10.68	0.18	8.81	84%	443452	0	0	10.724808
spneumoniae.S_eulertigs.k_20.d_na.M_runs	spneumoniae	eulertigs	20	na	runs	15.24	0.15	13.31	88%	319960	0	0	15.321794
spneumoniae.S_eulertigs.k_20.d_na.M_zeros	spneumoniae	eulertigs	20	na	zeros	10.38	0.13	8.56	83%	325332	0	0	10.43469
spneumoniae.S_greedytigs.k_20.d_na.M_default	spneumoniae	greedytigs	20	na	default	0.42	0.03	0.06	22%	26376	0	0	1.987225
spneumoniae.S_greedytigs.k_20.d_na.M_ones	spneumoniae	greedytigs	20	na	ones	10.12	0.18	8.62	87%	449612	0	0	10.162729
spneumoniae.S_greedytigs.k_20.d_na.M_runs	spneumoniae	greedytigs	20	na	runs	14.90	0.15	13.30	90%	320088	0	0	14.942238
spneumoniae.S_greedytigs.k_20.d_na.M_zeros	spneumoniae	greedytigs	20	na	zeros	9.75	0.14	8.31	86%	328972	0	0	9.79984
spneumoniae.S_matchtigs.k_20.d_na.M_default	spneumoniae	matchtigs	20	na	default	0.39	0.03	0.06	23%	26468	0	0	2.00809
spneumoniae.S_matchtigs.k_20.d_na.M_ones	spneumoniae	matchtigs	20	na	ones	10.71	0.21	8.91	85%	449272	0	0	10.779477
spneumoniae.S_matchtigs.k_20.d_na.M_runs	spneumoniae	matchtigs	20	na	runs	15.62	0.18	13.71	88%	319760	0	0	15.652278
spneumoniae.S_matchtigs.k_20.d_na.M_zeros	spneumoniae	matchtigs	20	na	zeros	10.59	0.16	8.80	84%	329360	0	0	10.651531
spneumoniae.S_eulertigs.k_21.d_na.M_default	spneumoniae	eulertigs	21	na	default	0.24	0.03	0.06	39%	26512	0	0	1.695353
spneumoniae.S_eulertigs.k_21.d_na.M_ones	spneumoniae	eulertigs	21	na	ones	10.17	0.18	8.67	87%	450464	0	0	10.201719
spneumoniae.S_eulertigs.k_21.d_na.M_runs	spneumoniae	eulertigs	21	na	runs	15.53	0.20	13.95	91%	320052	0	0	15.576513
spneumoniae.S_eulertigs.k_21.d_na.M_zeros	spneumoniae	eulertigs	21	na	zeros	9.95	0.13	8.53	87%	327488	0	0	10.000645
spneumoniae.S_greedytigs.k_21.d_na.M_default	spneumoniae	greedytigs	21	na	default	0.37	0.02	0.06	23%	26504	0	0	1.81149
spneumoniae.S_greedytigs.k_21.d_na.M_ones	spneumoniae	greedytigs	21	na	ones	10.22	0.17	8.76	87%	449668	0	0	10.26379
spneumoniae.S_greedytigs.k_21.d_na.M_runs	spneumoniae	greedytigs	21	na	runs	15.74	0.15	14.04	90%	316368	0	0	15.810473
spneumoniae.S_greedytigs.k_21.d_na.M_zeros	spneumoniae	greedytigs	21	na	zeros	10.09	0.14	8.63	86%	329496	0	0	10.140656
spneumoniae.S_matchtigs.k_21.d_na.M_default	spneumoniae	matchtigs	21	na	default	0.42	0.03	0.06	22%	26576	0	0	1.953517
spneumoniae.S_matchtigs.k_21.d_na.M_ones	spneumoniae	matchtigs	21	na	ones	10.61	0.17	8.74	83%	442692	0	0	10.637112
spneumoniae.S_matchtigs.k_21.d_na.M_runs	spneumoniae	matchtigs	21	na	runs	16.01	0.17	14.13	89%	318004	0	0	16.062316
spneumoniae.S_matchtigs.k_21.d_na.M_zeros	spneumoniae	matchtigs	21	na	zeros	10.36	0.13	8.65	84%	324772	0	0	10.441316
spneumoniae.S_eulertigs.k_22.d_na.M_default	spneumoniae	eulertigs	22	na	default	0.30	0.03	0.06	33%	26664	0	0	1.857302
spneumoniae.S_eulertigs.k_22.d_na.M_ones	spneumoniae	eulertigs	22	na	ones	10.43	0.19	8.91	87%	450920	0	0	10.492688
spneumoniae.S_eulertigs.k_22.d_na.M_runs	spneumoniae	eulertigs	22	na	runs	15.79	0.14	14.12	90%	318756	0	0	15.819058
spneumoniae.S_eulertigs.k_22.d_na.M_zeros	spneumoniae	eulertigs	22	na	zeros	10.28	0.13	8.77	86%	329944	0	0	10.332414
spneumoniae.S_greedytigs.k_22.d_na.M_default	spneumoniae	greedytigs	22	na	default	0.34	0.02	0.06	25%	26164	0	0	1.848225
spneumoniae.S_greedytigs.k_22.d_na.M_ones	spneumoniae	greedytigs	22	na	ones	10.28	0.18	8.86	87%	446016	0	0	10.334049
spneumoniae.S_greedytigs.k_22.d_na.M_runs	spneumoniae	greedytigs	22	na	runs	15.53	0.14	13.88	90%	320072	0	0	15.558905
spneumoniae.S_greedytigs.k_22.d_na.M_zeros	spneumoniae	greedytigs	22	na	zeros	10.28	0.14	8.90	87%	325640	0	0	10.311602
spneumoniae.S_matchtigs.k_22.d_na.M_default	spneumoniae	matchtigs	22	na	default	0.34	0.02	0.06	25%	26440	0	0	1.761376
spneumoniae.S_matchtigs.k_22.d_na.M_ones	spneumoniae	matchtigs	22	na	ones	10.64	0.18	9.00	86%	450060	0	0	10.72555
spneumoniae.S_matchtigs.k_22.d_na.M_runs	spneumoniae	matchtigs	22	na	runs	15.80	0.17	14.25	91%	318144	0	0	15.841672
spneumoniae.S_matchtigs.k_22.d_na.M_zeros	spneumoniae	matchtigs	22	na	zeros	10.37	0.13	8.91	87%	321680	0	0	10.459937
spneumoniae.S_eulertigs.k_23.d_na.M_default	spneumoniae	eulertigs	23	na	default	0.20	0.02	0.05	41%	26436	0	0	1.567268
spneumoniae.S_eulertigs.k_23.d_na.M_ones	spneumoniae	eulertigs	23	na	ones	11.22	0.22	9.44	86%	450996	0	0	11.275142
spneumoniae.S_eulertigs.k_23.d_na.M_runs	spneumoniae	eulertigs	23	na	runs	16.21	0.17	14.33	89%	318508	0	0	16.273845
spneumoniae.S_eulertigs.k_23.d_na.M_zeros	spneumoniae	eulertigs	23	na	zeros	10.88	0.14	9.05	84%	322384	0	0	10.964805
spneumoniae.S_greedytigs.k_23.d_na.M_default	spneumoniae	greedytigs	23	na	default	0.17	0.03	0.05	52%	25812	0	0	1.640004
spneumoniae.S_greedytigs.k_23.d_na.M_ones	spneumoniae	greedytigs	23	na	ones	10.42	0.17	8.96	87%	450288	0	0	10.443277
spneumoniae.S_greedytigs.k_23.d_na.M_runs	spneumoniae	greedytigs	23	na	runs	15.84	0.15	14.24	90%	320368	0	0	15.886572
spneumoniae.S_greedytigs.k_23.d_na.M_zeros	spneumoniae	greedytigs	23	na	zeros	10.81	0.13	9.36	87%	322468	0	0	10.871658
spneumoniae.S_matchtigs.k_23.d_na.M_default	spneumoniae	matchtigs	23	na	default	0.38	0.02	0.05	22%	25960	0	0	1.797844
spneumoniae.S_matchtigs.k_23.d_na.M_ones	spneumoniae	matchtigs	23	na	ones	10.64	0.18	9.02	86%	446424	0	0	10.662588
spneumoniae.S_matchtigs.k_23.d_na.M_runs	spneumoniae	matchtigs	23	na	runs	16.33	0.16	14.39	89%	318376	0	0	16.393255
spneumoniae.S_matchtigs.k_23.d_na.M_zeros	spneumoniae	matchtigs	23	na	zeros	10.55	0.14	8.95	86%	329520	0	0	10.576762
spneumoniae.S_eulertigs.k_24.d_na.M_default	spneumoniae	eulertigs	24	na	default	0.42	0.03	0.06	23%	26628	0	0	1.895344
spneumoniae.S_eulertigs.k_24.d_na.M_ones	spneumoniae	eulertigs	24	na	ones	11.66	0.21	9.82	86%	444036	0	0	11.685674
spneumoniae.S_eulertigs.k_24.d_na.M_runs	spneumoniae	eulertigs	24	na	runs	17.41	0.21	15.45	89%	320008	0	0	17.436792
spneumoniae.S_eulertigs.k_24.d_na.M_zeros	spneumoniae	eulertigs	24	na	zeros	11.48	0.18	9.63	85%	329628	0	0	11.519154
spneumoniae.S_greedytigs.k_24.d_na.M_default	spneumoniae	greedytigs	24	na	default	0.31	0.03	0.06	29%	26404	0	0	1.77459
spneumoniae.S_greedytigs.k_24.d_na.M_ones	spneumoniae	greedytigs	24	na	ones	10.71	0.18	9.26	88%	450856	0	0	10.764029
spneumoniae.S_greedytigs.k_24.d_na.M_runs	spneumoniae	greedytigs	24	na	runs	16.54	0.16	14.93	91%	320492	0	0	16.595491
spneumoniae.S_greedytigs.k_24.d_na.M_zeros	spneumoniae	greedytigs	24	na	zeros	10.90	0.14	9.35	87%	322552	0	0	10.951597
spneumoniae.S_matchtigs.k_24.d_na.M_default	spneumoniae	matchtigs	24	na	default	0.36	0.03	0.06	26%	26652	0	0	1.804163
spneumoniae.S_matchtigs.k_24.d_na.M_ones	spneumoniae	matchtigs	24	na	ones	11.16	0.18	9.49	86%	442624	0	0	11.211697
spneumoniae.S_matchtigs.k_24.d_na.M_runs	spneumoniae	matchtigs	24	na	runs	16.59	0.15	15.03	91%	320376	0	0	16.644296
spneumoniae.S_matchtigs.k_24.d_na.M_zeros	spneumoniae	matchtigs	24	na	zeros	10.55	0.15	9.16	88%	322388	0	0	10.618288
spneumoniae.S_eulertigs.k_25.d_na.M_default	spneumoniae	eulertigs	25	na	default	0.20	0.03	0.05	43%	26184	0	0	1.577984
spneumoniae.S_eulertigs.k_25.d_na.M_ones	spneumoniae	eulertigs	25	na	ones	11.75	0.18	9.97	86%	451148	0	0	11.806414
spneumoniae.S_eulertigs.k_25.d_na.M_runs	spneumoniae	eulertigs	25	na	runs	16.78	0.15	15.23	91%	318820	0	0	16.838266
spneumoniae.S_eulertigs.k_25.d_na.M_zeros	spneumoniae	eulertigs	25	na	zeros	11.30	0.14	9.57	86%	325800	0	0	11.390812
spneumoniae.S_greedytigs.k_25.d_na.M_default	spneumoniae	greedytigs	25	na	default	0.31	0.03	0.06	28%	26700	0	0	1.7993
spneumoniae.S_greedytigs.k_25.d_na.M_ones	spneumoniae	greedytigs	25	na	ones	11.54	0.19	9.82	86%	450724	0	0	11.57285
spneumoniae.S_greedytigs.k_25.d_na.M_runs	spneumoniae	greedytigs	25	na	runs	16.87	0.17	15.29	91%	318304	0	0	16.930618
spneumoniae.S_greedytigs.k_25.d_na.M_zeros	spneumoniae	greedytigs	25	na	zeros	11.22	0.13	9.63	87%	327324	0	0	11.2795
spneumoniae.S_matchtigs.k_25.d_na.M_default	spneumoniae	matchtigs	25	na	default	0.31	0.02	0.05	28%	26480	0	0	1.7776
spneumoniae.S_matchtigs.k_25.d_na.M_ones	spneumoniae	matchtigs	25	na	ones	11.38	0.17	9.92	88%	450976	0	0	11.405085
spneumoniae.S_matchtigs.k_25.d_na.M_runs	spneumoniae	matchtigs	25	na	runs	17.33	0.15	15.77	91%	320952	0	0	17.37858
spneumoniae.S_matchtigs.k_25.d_na.M_zeros	spneumoniae	matchtigs	25	na	zeros	11.01	0.14	9.56	88%	324140	0	0	11.079229
spneumoniae.S_eulertigs.k_26.d_na.M_default	spneumoniae	eulertigs	26	na	default	0.18	0.02	0.05	45%	26200	0	0	1.397881
spneumoniae.S_eulertigs.k_26.d_na.M_ones	spneumoniae	eulertigs	26	na	ones	11.64	0.19	9.79	85%	451876	0	0	11.698639
spneumoniae.S_eulertigs.k_26.d_na.M_runs	spneumoniae	eulertigs	26	na	runs	17.60	0.16	15.54	89%	321164	0	0	17.664217
spneumoniae.S_eulertigs.k_26.d_na.M_zeros	spneumoniae	eulertigs	26	na	zeros	11.85	0.16	10.08	86%	330060	0	0	11.900324
spneumoniae.S_greedytigs.k_26.d_na.M_default	spneumoniae	greedytigs	26	na	default	0.22	0.02	0.05	37%	26420	0	0	1.674838
spneumoniae.S_greedytigs.k_26.d_na.M_ones	spneumoniae	greedytigs	26	na	ones	11.52	0.18	9.85	87%	451276	0	0	11.564262
spneumoniae.S_greedytigs.k_26.d_na.M_runs	spneumoniae	greedytigs	26	na	runs	17.20	0.15	15.59	91%	321052	0	0	17.253382
spneumoniae.S_greedytigs.k_26.d_na.M_zeros	spneumoniae	greedytigs	26	na	zeros	11.38	0.14	9.77	87%	330124	0	0	11.461679
spneumoniae.S_matchtigs.k_26.d_na.M_default	spneumoniae	matchtigs	26	na	default	0.22	0.02	0.05	37%	26704	0	0	1.626234
spneumoniae.S_matchtigs.k_26.d_na.M_ones	spneumoniae	matchtigs	26	na	ones	11.38	0.17	9.87	88%	448764	0	0	11.438929
spneumoniae.S_matchtigs.k_26.d_na.M_runs	spneumoniae	matchtigs	26	na	runs	17.71	0.15	16.19	92%	320236	0	0	17.736345
spneumoniae.S_matchtigs.k_26.d_na.M_zeros	spneumoniae	matchtigs	26	na	zeros	11.13	0.15	9.70	88%	329580	0	0	11.180659
spneumoniae.S_eulertigs.k_27.d_na.M_default	spneumoniae	eulertigs	27	na	default	0.20	0.02	0.05	41%	26560	0	0	1.576328
spneumoniae.S_eulertigs.k_27.d_na.M_ones	spneumoniae	eulertigs	27	na	ones	11.86	0.20	10.26	88%	451880	0	0	11.94898
spneumoniae.S_eulertigs.k_27.d_na.M_runs	spneumoniae	eulertigs	27	na	runs	17.88	0.16	16.17	91%	321224	0	0	17.951834
spneumoniae.S_eulertigs.k_27.d_na.M_zeros	spneumoniae	eulertigs	27	na	zeros	11.24	0.14	9.87	89%	326112	0	0	11.283476
spneumoniae.S_greedytigs.k_27.d_na.M_default	spneumoniae	greedytigs	27	na	default	0.22	0.02	0.05	37%	26388	0	0	1.574302
spneumoniae.S_greedytigs.k_27.d_na.M_ones	spneumoniae	greedytigs	27	na	ones	11.86	0.19	10.29	88%	451552	0	0	11.934954
spneumoniae.S_greedytigs.k_27.d_na.M_runs	spneumoniae	greedytigs	27	na	runs	17.40	0.15	15.85	91%	320612	0	0	17.438861
spneumoniae.S_greedytigs.k_27.d_na.M_zeros	spneumoniae	greedytigs	27	na	zeros	11.47	0.15	9.88	87%	329276	0	0	11.537909
spneumoniae.S_matchtigs.k_27.d_na.M_default	spneumoniae	matchtigs	27	na	default	0.24	0.02	0.05	34%	26380	0	0	1.598884
spneumoniae.S_matchtigs.k_27.d_na.M_ones	spneumoniae	matchtigs	27	na	ones	12.32	0.18	10.73	88%	448932	0	0	12.391425
spneumoniae.S_matchtigs.k_27.d_na.M_runs	spneumoniae	matchtigs	27	na	runs	17.17	0.15	15.52	91%	320712	0	0	17.246372
spneumoniae.S_matchtigs.k_27.d_na.M_zeros	spneumoniae	matchtigs	27	na	zeros	11.84	0.14	10.25	87%	330252	0	0	11.900725
spneumoniae.S_eulertigs.k_28.d_na.M_default	spneumoniae	eulertigs	28	na	default	0.22	0.03	0.05	39%	26192	0	0	1.448103
spneumoniae.S_eulertigs.k_28.d_na.M_ones	spneumoniae	eulertigs	28	na	ones	12.10	0.19	10.24	86%	448172	0	0	12.187873
spneumoniae.S_eulertigs.k_28.d_na.M_runs	spneumoniae	eulertigs	28	na	runs	18.17	0.16	16.01	89%	321220	0	0	18.237496
spneumoniae.S_eulertigs.k_28.d_na.M_zeros	spneumoniae	eulertigs	28	na	zeros	12.40	0.15	10.42	85%	330644	0	0	12.491453
spneumoniae.S_greedytigs.k_28.d_na.M_default	spneumoniae	greedytigs	28	na	default	0.26	0.03	0.06	34%	26728	0	0	1.570866
spneumoniae.S_greedytigs.k_28.d_na.M_ones	spneumoniae	greedytigs	28	na	ones	12.15	0.18	10.72	89%	449472	0	0	12.213018
spneumoniae.S_greedytigs.k_28.d_na.M_runs	spneumoniae	greedytigs	28	na	runs	18.42	0.15	16.82	92%	320256	0	0	18.487163
spneumoniae.S_greedytigs.k_28.d_na.M_zeros	spneumoniae	greedytigs	28	na	zeros	11.62	0.13	10.23	89%	324308	0	0	11.67609
spneumoniae.S_matchtigs.k_28.d_na.M_default	spneumoniae	matchtigs	28	na	default	0.24	0.03	0.06	37%	26752	0	0	1.483328
spneumoniae.S_matchtigs.k_28.d_na.M_ones	spneumoniae	matchtigs	28	na	ones	12.16	0.19	10.52	88%	451528	0	0	12.218423
spneumoniae.S_matchtigs.k_28.d_na.M_runs	spneumoniae	matchtigs	28	na	runs	18.08	0.15	16.51	92%	320600	0	0	18.131241
spneumoniae.S_matchtigs.k_28.d_na.M_zeros	spneumoniae	matchtigs	28	na	zeros	11.92	0.14	10.35	88%	330488	0	0	11.98718
spneumoniae.S_eulertigs.k_29.d_na.M_default	spneumoniae	eulertigs	29	na	default	0.27	0.03	0.06	37%	26576	0	0	1.602307
spneumoniae.S_eulertigs.k_29.d_na.M_ones	spneumoniae	eulertigs	29	na	ones	12.39	0.20	10.60	87%	452500	0	0	12.520396
spneumoniae.S_eulertigs.k_29.d_na.M_runs	spneumoniae	eulertigs	29	na	runs	18.46	0.16	16.39	89%	321304	0	0	18.539779
spneumoniae.S_eulertigs.k_29.d_na.M_zeros	spneumoniae	eulertigs	29	na	zeros	12.38	0.15	10.48	85%	330212	0	0	12.446045
spneumoniae.S_greedytigs.k_29.d_na.M_default	spneumoniae	greedytigs	29	na	default	0.20	0.03	0.05	42%	26596	0	0	1.357595
spneumoniae.S_greedytigs.k_29.d_na.M_ones	spneumoniae	greedytigs	29	na	ones	12.31	0.18	10.73	88%	445048	0	0	12.348759
spneumoniae.S_greedytigs.k_29.d_na.M_runs	spneumoniae	greedytigs	29	na	runs	18.83	0.15	17.13	91%	320716	0	0	18.851128
spneumoniae.S_greedytigs.k_29.d_na.M_zeros	spneumoniae	greedytigs	29	na	zeros	12.17	0.14	10.65	88%	326672	0	0	12.227111
spneumoniae.S_matchtigs.k_29.d_na.M_default	spneumoniae	matchtigs	29	na	default	0.26	0.03	0.06	34%	26184	0	0	1.545148
spneumoniae.S_matchtigs.k_29.d_na.M_ones	spneumoniae	matchtigs	29	na	ones	12.00	0.19	10.45	88%	445660	0	0	12.055466
spneumoniae.S_matchtigs.k_29.d_na.M_runs	spneumoniae	matchtigs	29	na	runs	18.65	0.16	17.02	92%	321016	0	0	18.742913
spneumoniae.S_matchtigs.k_29.d_na.M_zeros	spneumoniae	matchtigs	29	na	zeros	12.12	0.14	10.61	88%	330316	0	0	12.195825
spneumoniae.S_eulertigs.k_30.d_na.M_default	spneumoniae	eulertigs	30	na	default	0.23	0.02	0.05	36%	26388	0	0	1.498852
spneumoniae.S_eulertigs.k_30.d_na.M_ones	spneumoniae	eulertigs	30	na	ones	12.44	0.16	10.84	88%	452380	0	0	12.461349
spneumoniae.S_eulertigs.k_30.d_na.M_runs	spneumoniae	eulertigs	30	na	runs	18.81	0.16	17.27	92%	320476	0	0	18.892903
spneumoniae.S_eulertigs.k_30.d_na.M_zeros	spneumoniae	eulertigs	30	na	zeros	12.38	0.14	10.80	88%	330676	0	0	12.438658
spneumoniae.S_greedytigs.k_30.d_na.M_default	spneumoniae	greedytigs	30	na	default	0.22	0.02	0.05	37%	26404	0	0	1.521073
spneumoniae.S_greedytigs.k_30.d_na.M_ones	spneumoniae	greedytigs	30	na	ones	12.57	0.18	11.00	88%	451756	0	0	12.593257
spneumoniae.S_greedytigs.k_30.d_na.M_runs	spneumoniae	greedytigs	30	na	runs	18.83	0.16	17.12	91%	321684	0	0	18.882426
spneumoniae.S_greedytigs.k_30.d_na.M_zeros	spneumoniae	greedytigs	30	na	zeros	12.12	0.13	10.68	89%	329900	0	0	12.173879
spneumoniae.S_matchtigs.k_30.d_na.M_default	spneumoniae	matchtigs	30	na	default	0.27	0.03	0.06	34%	26696	0	0	1.626778
spneumoniae.S_matchtigs.k_30.d_na.M_ones	spneumoniae	matchtigs	30	na	ones	12.49	0.19	10.89	88%	451768	0	0	12.514059
spneumoniae.S_matchtigs.k_30.d_na.M_runs	spneumoniae	matchtigs	30	na	runs	18.66	0.14	16.95	91%	319636	0	0	18.748899
spneumoniae.S_matchtigs.k_30.d_na.M_zeros	spneumoniae	matchtigs	30	na	zeros	12.11	0.14	10.62	88%	330088	0	0	12.172717
spneumoniae.S_eulertigs.k_31.d_na.M_default	spneumoniae	eulertigs	31	na	default	0.27	0.04	0.07	43%	26520	0	0	1.84708
spneumoniae.S_eulertigs.k_31.d_na.M_ones	spneumoniae	eulertigs	31	na	ones	12.67	0.26	10.90	88%	429436	0	0	12.702976
spneumoniae.S_eulertigs.k_31.d_na.M_runs	spneumoniae	eulertigs	31	na	runs	18.94	0.17	17.30	92%	303316	0	0	19.002048
spneumoniae.S_eulertigs.k_31.d_na.M_zeros	spneumoniae	eulertigs	31	na	zeros	12.94	0.19	11.12	87%	325344	0	0	13.010995
spneumoniae.S_greedytigs.k_31.d_na.M_default	spneumoniae	greedytigs	31	na	default	0.23	0.02	0.05	35%	26196	0	0	1.519594
spneumoniae.S_greedytigs.k_31.d_na.M_ones	spneumoniae	greedytigs	31	na	ones	12.72	0.18	11.16	89%	452148	0	0	12.77642
spneumoniae.S_greedytigs.k_31.d_na.M_runs	spneumoniae	greedytigs	31	na	runs	18.72	0.14	17.11	92%	321596	0	0	18.76996
spneumoniae.S_greedytigs.k_31.d_na.M_zeros	spneumoniae	greedytigs	31	na	zeros	12.57	0.14	11.03	88%	330228	0	0	12.602061
spneumoniae.S_matchtigs.k_31.d_na.M_default	spneumoniae	matchtigs	31	na	default	0.22	0.02	0.05	36%	26604	0	0	1.520294
spneumoniae.S_matchtigs.k_31.d_na.M_ones	spneumoniae	matchtigs	31	na	ones	12.65	0.19	10.96	88%	451796	0	0	12.678341
spneumoniae.S_matchtigs.k_31.d_na.M_runs	spneumoniae	matchtigs	31	na	runs	19.38	0.16	17.49	91%	321296	0	0	19.433346
spneumoniae.S_matchtigs.k_31.d_na.M_zeros	spneumoniae	matchtigs	31	na	zeros	12.36	0.14	10.70	87%	330564	0	0	12.435871
