pref	genome	S_alg	k	d	real(s)	sys(s)	user(s)	percent_CPU	max_RAM(kb)	FS_inputs	FS_outputs	elapsed_time_alt(s)
spneumoniae.S_greedy.k_2.d_na	spneumoniae	greedy	2	na	0.08	0.00	0.04	55%	9056	0	0	0.127115
spneumoniae.S_pseudosimplitigs.k_2.d_1	spneumoniae	pseudosimplitigs	2	1	0.10	0.00	0.05	59%	9136	0	0	0.209725
spneumoniae.S_pseudosimplitigs.k_2.d_2	spneumoniae	pseudosimplitigs	2	2	0.13	0.00	0.05	45%	9136	0	0	0.232556
spneumoniae.S_pseudosimplitigs.k_2.d_3	spneumoniae	pseudosimplitigs	2	3	0.13	0.00	0.05	44%	9088	0	0	0.183698
spneumoniae.S_pseudosimplitigs.k_2.d_4	spneumoniae	pseudosimplitigs	2	4	0.10	0.00	0.06	61%	9056	0	0	0.198873
spneumoniae.S_pseudosimplitigs.k_2.d_5	spneumoniae	pseudosimplitigs	2	5	0.12	0.00	0.05	48%	9104	0	0	0.18492
spneumoniae.S_streaming.k_2.d_na	spneumoniae	streaming	2	na	0.14	0.00	0.07	55%	6800	0	0	0.235736
spneumoniae.S_greedy.k_3.d_na	spneumoniae	greedy	3	na	0.10	0.00	0.05	54%	8976	0	0	0.188459
spneumoniae.S_pseudosimplitigs.k_3.d_1	spneumoniae	pseudosimplitigs	3	1	0.10	0.00	0.06	60%	9104	0	0	0.17636
spneumoniae.S_pseudosimplitigs.k_3.d_2	spneumoniae	pseudosimplitigs	3	2	0.11	0.00	0.07	64%	9136	0	0	0.194178
spneumoniae.S_pseudosimplitigs.k_3.d_3	spneumoniae	pseudosimplitigs	3	3	0.10	0.00	0.05	55%	9184	0	0	0.169789
spneumoniae.S_pseudosimplitigs.k_3.d_4	spneumoniae	pseudosimplitigs	3	4	0.10	0.00	0.05	57%	8976	0	0	0.154745
spneumoniae.S_pseudosimplitigs.k_3.d_5	spneumoniae	pseudosimplitigs	3	5	0.11	0.00	0.06	60%	9168	0	0	0.163394
spneumoniae.S_streaming.k_3.d_na	spneumoniae	streaming	3	na	0.16	0.00	0.11	68%	6880	0	0	0.222337
spneumoniae.S_greedy.k_4.d_na	spneumoniae	greedy	4	na	0.12	0.00	0.05	45%	9088	0	0	0.151792
spneumoniae.S_pseudosimplitigs.k_4.d_1	spneumoniae	pseudosimplitigs	4	1	0.12	0.00	0.06	52%	9104	0	0	0.189271
spneumoniae.S_pseudosimplitigs.k_4.d_2	spneumoniae	pseudosimplitigs	4	2	0.10	0.00	0.05	61%	9008	0	0	0.156105
spneumoniae.S_pseudosimplitigs.k_4.d_3	spneumoniae	pseudosimplitigs	4	3	0.13	0.00	0.06	45%	9184	0	0	0.215179
spneumoniae.S_pseudosimplitigs.k_4.d_4	spneumoniae	pseudosimplitigs	4	4	0.12	0.00	0.05	48%	9024	0	0	0.179577
spneumoniae.S_pseudosimplitigs.k_4.d_5	spneumoniae	pseudosimplitigs	4	5	0.15	0.00	0.06	43%	9232	0	0	0.18315
spneumoniae.S_streaming.k_4.d_na	spneumoniae	streaming	4	na	0.19	0.00	0.14	78%	6816	0	0	0.261302
spneumoniae.S_greedy.k_5.d_na	spneumoniae	greedy	5	na	0.09	0.00	0.05	62%	9200	0	0	0.161546
spneumoniae.S_pseudosimplitigs.k_5.d_1	spneumoniae	pseudosimplitigs	5	1	0.10	0.00	0.06	65%	9360	0	0	0.154531
spneumoniae.S_pseudosimplitigs.k_5.d_2	spneumoniae	pseudosimplitigs	5	2	0.15	0.00	0.06	46%	9296	0	0	0.193614
spneumoniae.S_pseudosimplitigs.k_5.d_3	spneumoniae	pseudosimplitigs	5	3	0.12	0.00	0.07	60%	9424	0	0	0.15759
spneumoniae.S_pseudosimplitigs.k_5.d_4	spneumoniae	pseudosimplitigs	5	4	0.11	0.00	0.07	66%	9168	0	0	0.208498
spneumoniae.S_pseudosimplitigs.k_5.d_5	spneumoniae	pseudosimplitigs	5	5	0.11	0.00	0.06	60%	9392	0	0	0.155048
spneumoniae.S_streaming.k_5.d_na	spneumoniae	streaming	5	na	0.25	0.00	0.18	72%	6832	0	0	0.319036
spneumoniae.S_greedy.k_6.d_na	spneumoniae	greedy	6	na	0.12	0.00	0.06	52%	9712	0	0	0.226489
spneumoniae.S_pseudosimplitigs.k_6.d_1	spneumoniae	pseudosimplitigs	6	1	0.12	0.00	0.07	62%	10368	0	0	0.206992
spneumoniae.S_pseudosimplitigs.k_6.d_2	spneumoniae	pseudosimplitigs	6	2	0.13	0.00	0.07	57%	9792	0	0	0.206839
spneumoniae.S_pseudosimplitigs.k_6.d_3	spneumoniae	pseudosimplitigs	6	3	0.14	0.00	0.08	58%	10000	0	0	0.20723
spneumoniae.S_pseudosimplitigs.k_6.d_4	spneumoniae	pseudosimplitigs	6	4	0.14	0.00	0.07	51%	10032	0	0	0.187608
spneumoniae.S_pseudosimplitigs.k_6.d_5	spneumoniae	pseudosimplitigs	6	5	0.12	0.00	0.07	62%	9920	0	0	0.157031
spneumoniae.S_streaming.k_6.d_na	spneumoniae	streaming	6	na	0.24	0.00	0.20	82%	6928	0	0	0.327627
spneumoniae.S_greedy.k_7.d_na	spneumoniae	greedy	7	na	0.83	0.00	0.07	9%	11984	0	0	1.116322
spneumoniae.S_pseudosimplitigs.k_7.d_1	spneumoniae	pseudosimplitigs	7	1	0.15	0.00	0.08	60%	11904	0	0	0.216
spneumoniae.S_pseudosimplitigs.k_7.d_2	spneumoniae	pseudosimplitigs	7	2	0.15	0.00	0.08	57%	11904	0	0	0.219784
spneumoniae.S_pseudosimplitigs.k_7.d_3	spneumoniae	pseudosimplitigs	7	3	0.14	0.00	0.09	69%	12096	0	0	0.20805
spneumoniae.S_pseudosimplitigs.k_7.d_4	spneumoniae	pseudosimplitigs	7	4	0.15	0.00	0.09	60%	12448	0	0	0.234522
spneumoniae.S_pseudosimplitigs.k_7.d_5	spneumoniae	pseudosimplitigs	7	5	0.16	0.00	0.08	56%	12272	0	0	0.202121
spneumoniae.S_streaming.k_7.d_na	spneumoniae	streaming	7	na	1.00	0.00	0.25	25%	7344	0	0	1.131487
spneumoniae.S_greedy.k_8.d_na	spneumoniae	greedy	8	na	0.17	0.00	0.08	53%	17056	0	0	0.24041
spneumoniae.S_pseudosimplitigs.k_8.d_1	spneumoniae	pseudosimplitigs	8	1	0.20	0.00	0.13	70%	20624	0	0	0.27251
spneumoniae.S_pseudosimplitigs.k_8.d_2	spneumoniae	pseudosimplitigs	8	2	0.17	0.00	0.13	77%	21328	0	0	0.220001
spneumoniae.S_pseudosimplitigs.k_8.d_3	spneumoniae	pseudosimplitigs	8	3	0.21	0.00	0.13	65%	20576	0	0	0.304507
spneumoniae.S_pseudosimplitigs.k_8.d_4	spneumoniae	pseudosimplitigs	8	4	0.23	0.00	0.15	68%	21216	0	0	0.278335
spneumoniae.S_pseudosimplitigs.k_8.d_5	spneumoniae	pseudosimplitigs	8	5	0.21	0.00	0.16	80%	21664	0	0	0.323351
spneumoniae.S_streaming.k_8.d_na	spneumoniae	streaming	8	na	0.33	0.00	0.27	82%	8896	0	0	0.381264
spneumoniae.S_greedy.k_9.d_na	spneumoniae	greedy	9	na	0.25	0.01	0.20	86%	50224	0	0	0.287512
spneumoniae.S_pseudosimplitigs.k_9.d_1	spneumoniae	pseudosimplitigs	9	1	0.56	0.01	0.45	81%	52192	0	0	0.612195
spneumoniae.S_pseudosimplitigs.k_9.d_2	spneumoniae	pseudosimplitigs	9	2	0.49	0.01	0.40	84%	58704	0	0	0.558813
spneumoniae.S_pseudosimplitigs.k_9.d_3	spneumoniae	pseudosimplitigs	9	3	0.92	0.01	0.82	91%	55920	0	0	0.969824
spneumoniae.S_pseudosimplitigs.k_9.d_4	spneumoniae	pseudosimplitigs	9	4	0.88	0.01	0.77	88%	59792	0	0	0.951832
spneumoniae.S_pseudosimplitigs.k_9.d_5	spneumoniae	pseudosimplitigs	9	5	0.88	0.01	0.79	91%	58656	0	0	0.915447
spneumoniae.S_streaming.k_9.d_na	spneumoniae	streaming	9	na	0.48	0.00	0.42	89%	14144	0	0	0.548959
spneumoniae.S_greedy.k_10.d_na	spneumoniae	greedy	10	na	1.14	0.03	0.75	69%	159152	0	0	1.238407
spneumoniae.S_pseudosimplitigs.k_10.d_1	spneumoniae	pseudosimplitigs	10	1	3.50	0.04	1.34	39%	168032	0	0	4.690795
spneumoniae.S_pseudosimplitigs.k_10.d_2	spneumoniae	pseudosimplitigs	10	2	1.59	0.03	1.18	76%	168912	0	0	1.662685
spneumoniae.S_pseudosimplitigs.k_10.d_3	spneumoniae	pseudosimplitigs	10	3	1.54	0.03	1.19	79%	163616	0	0	1.627108
spneumoniae.S_pseudosimplitigs.k_10.d_4	spneumoniae	pseudosimplitigs	10	4	1.49	0.03	1.14	78%	163936	0	0	1.579846
spneumoniae.S_pseudosimplitigs.k_10.d_5	spneumoniae	pseudosimplitigs	10	5	1.63	0.03	1.25	79%	169440	0	0	1.698474
spneumoniae.S_streaming.k_10.d_na	spneumoniae	streaming	10	na	1.48	0.01	0.97	66%	32032	0	0	1.575932
spneumoniae.S_greedy.k_11.d_na	spneumoniae	greedy	11	na	2.46	0.06	1.86	78%	358480	0	0	2.5129
spneumoniae.S_pseudosimplitigs.k_11.d_1	spneumoniae	pseudosimplitigs	11	1	3.72	0.06	2.75	75%	331152	0	0	3.794452
spneumoniae.S_pseudosimplitigs.k_11.d_2	spneumoniae	pseudosimplitigs	11	2	3.81	0.07	2.90	78%	329392	0	0	3.893387
spneumoniae.S_pseudosimplitigs.k_11.d_3	spneumoniae	pseudosimplitigs	11	3	3.60	0.06	2.74	77%	332448	0	0	3.693593
spneumoniae.S_pseudosimplitigs.k_11.d_4	spneumoniae	pseudosimplitigs	11	4	5.62	0.36	3.41	67%	186624	0	0	6.207714
spneumoniae.S_pseudosimplitigs.k_11.d_5	spneumoniae	pseudosimplitigs	11	5	6.46	0.07	5.48	86%	343792	0	0	6.524763
spneumoniae.S_streaming.k_11.d_na	spneumoniae	streaming	11	na	1.26	0.01	1.16	93%	64336	0	0	1.295143
spneumoniae.S_greedy.k_12.d_na	spneumoniae	greedy	12	na	4.16	0.10	3.12	77%	600544	0	0	4.22074
spneumoniae.S_pseudosimplitigs.k_12.d_1	spneumoniae	pseudosimplitigs	12	1	5.52	0.09	4.08	75%	455776	0	0	5.582445
spneumoniae.S_pseudosimplitigs.k_12.d_2	spneumoniae	pseudosimplitigs	12	2	5.57	0.08	4.22	77%	443040	0	0	5.631995
spneumoniae.S_pseudosimplitigs.k_12.d_3	spneumoniae	pseudosimplitigs	12	3	5.74	0.08	4.42	78%	441888	0	0	5.778944
spneumoniae.S_pseudosimplitigs.k_12.d_4	spneumoniae	pseudosimplitigs	12	4	8.51	0.10	7.03	83%	455888	0	0	8.554969
spneumoniae.S_pseudosimplitigs.k_12.d_5	spneumoniae	pseudosimplitigs	12	5	10.49	0.10	9.03	87%	456672	0	0	10.541238
spneumoniae.S_streaming.k_12.d_na	spneumoniae	streaming	12	na	1.41	0.01	1.29	92%	82432	0	0	1.456763
spneumoniae.S_greedy.k_13.d_na	spneumoniae	greedy	13	na	5.63	0.15	4.26	78%	715232	0	0	5.665721
spneumoniae.S_pseudosimplitigs.k_13.d_1	spneumoniae	pseudosimplitigs	13	1	7.03	0.13	5.43	79%	567568	0	0	7.105451
spneumoniae.S_pseudosimplitigs.k_13.d_2	spneumoniae	pseudosimplitigs	13	2	6.95	0.11	5.38	78%	569008	0	0	7.035303
spneumoniae.S_pseudosimplitigs.k_13.d_3	spneumoniae	pseudosimplitigs	13	3	8.16	0.13	6.50	81%	568128	0	0	8.248172
spneumoniae.S_pseudosimplitigs.k_13.d_4	spneumoniae	pseudosimplitigs	13	4	11.54	0.11	9.82	86%	576400	0	0	11.578178
spneumoniae.S_pseudosimplitigs.k_13.d_5	spneumoniae	pseudosimplitigs	13	5	16.15	0.16	14.22	89%	587824	0	0	16.210423
spneumoniae.S_streaming.k_13.d_na	spneumoniae	streaming	13	na	1.65	0.02	1.51	93%	118560	0	0	1.705919
spneumoniae.S_greedy.k_14.d_na	spneumoniae	greedy	14	na	6.50	0.17	4.69	74%	808256	0	0	6.544881
spneumoniae.S_pseudosimplitigs.k_14.d_1	spneumoniae	pseudosimplitigs	14	1	7.57	0.17	5.77	78%	490704	0	0	7.656527
spneumoniae.S_pseudosimplitigs.k_14.d_2	spneumoniae	pseudosimplitigs	14	2	7.57	0.13	5.89	79%	596912	0	0	7.650276
spneumoniae.S_pseudosimplitigs.k_14.d_3	spneumoniae	pseudosimplitigs	14	3	7.53	0.12	5.72	77%	590528	0	0	7.597507
spneumoniae.S_pseudosimplitigs.k_14.d_4	spneumoniae	pseudosimplitigs	14	4	9.13	0.11	7.43	82%	591232	0	0	9.200096
spneumoniae.S_pseudosimplitigs.k_14.d_5	spneumoniae	pseudosimplitigs	14	5	11.99	0.14	10.11	85%	597184	0	0	12.034271
spneumoniae.S_streaming.k_14.d_na	spneumoniae	streaming	14	na	1.75	0.02	1.52	88%	121264	0	0	1.799062
spneumoniae.S_greedy.k_15.d_na	spneumoniae	greedy	15	na	5.68	0.15	4.05	74%	918880	0	0	5.730645
spneumoniae.S_pseudosimplitigs.k_15.d_1	spneumoniae	pseudosimplitigs	15	1	6.71	0.12	5.15	78%	654160	0	0	6.751164
spneumoniae.S_pseudosimplitigs.k_15.d_2	spneumoniae	pseudosimplitigs	15	2	8.01	0.16	5.97	76%	659904	0	0	8.052475
spneumoniae.S_pseudosimplitigs.k_15.d_3	spneumoniae	pseudosimplitigs	15	3	7.26	0.12	5.62	79%	641504	0	0	7.296014
spneumoniae.S_pseudosimplitigs.k_15.d_4	spneumoniae	pseudosimplitigs	15	4	9.15	0.12	7.51	83%	656640	0	0	9.202852
spneumoniae.S_pseudosimplitigs.k_15.d_5	spneumoniae	pseudosimplitigs	15	5	9.98	0.14	8.31	84%	634768	0	0	10.035109
spneumoniae.S_streaming.k_15.d_na	spneumoniae	streaming	15	na	1.68	0.02	1.25	75%	124064	0	0	1.735218
spneumoniae.S_greedy.k_16.d_na	spneumoniae	greedy	16	na	6.06	0.17	4.40	75%	918464	0	0	6.130198
spneumoniae.S_pseudosimplitigs.k_16.d_1	spneumoniae	pseudosimplitigs	16	1	7.08	0.12	5.46	78%	650736	0	0	7.131537
spneumoniae.S_pseudosimplitigs.k_16.d_2	spneumoniae	pseudosimplitigs	16	2	6.99	0.12	5.34	78%	642560	0	0	7.03369
spneumoniae.S_pseudosimplitigs.k_16.d_3	spneumoniae	pseudosimplitigs	16	3	7.12	0.13	5.49	79%	641008	0	0	7.187949
spneumoniae.S_pseudosimplitigs.k_16.d_4	spneumoniae	pseudosimplitigs	16	4	7.31	0.12	5.69	79%	647568	0	0	7.360452
spneumoniae.S_pseudosimplitigs.k_16.d_5	spneumoniae	pseudosimplitigs	16	5	7.88	0.09	6.28	80%	649040	0	0	7.931645
spneumoniae.S_streaming.k_16.d_na	spneumoniae	streaming	16	na	2.25	0.04	1.67	75%	108448	0	0	2.354337
spneumoniae.S_greedy.k_17.d_na	spneumoniae	greedy	17	na	5.96	0.17	4.28	74%	925664	0	0	6.015033
spneumoniae.S_pseudosimplitigs.k_17.d_1	spneumoniae	pseudosimplitigs	17	1	7.24	0.12	5.58	78%	652448	0	0	7.29251
spneumoniae.S_pseudosimplitigs.k_17.d_2	spneumoniae	pseudosimplitigs	17	2	7.28	0.13	5.66	79%	658176	0	0	7.308135
spneumoniae.S_pseudosimplitigs.k_17.d_3	spneumoniae	pseudosimplitigs	17	3	7.42	0.13	5.77	79%	646960	0	0	7.467521
spneumoniae.S_pseudosimplitigs.k_17.d_4	spneumoniae	pseudosimplitigs	17	4	7.42	0.12	5.79	79%	651472	0	0	7.482469
spneumoniae.S_pseudosimplitigs.k_17.d_5	spneumoniae	pseudosimplitigs	17	5	7.49	0.13	5.83	79%	647280	0	0	7.515832
spneumoniae.S_streaming.k_17.d_na	spneumoniae	streaming	17	na	1.74	0.02	1.36	79%	124656	0	0	1.805236
spneumoniae.S_greedy.k_18.d_na	spneumoniae	greedy	18	na	7.18	0.34	4.85	72%	708624	0	0	7.299584
spneumoniae.S_pseudosimplitigs.k_18.d_1	spneumoniae	pseudosimplitigs	18	1	7.14	0.12	5.47	78%	659360	0	0	7.187955
spneumoniae.S_pseudosimplitigs.k_18.d_2	spneumoniae	pseudosimplitigs	18	2	7.17	0.12	5.49	78%	655920	0	0	7.195767
spneumoniae.S_pseudosimplitigs.k_18.d_3	spneumoniae	pseudosimplitigs	18	3	7.55	0.14	5.87	79%	643952	0	0	7.603856
spneumoniae.S_pseudosimplitigs.k_18.d_4	spneumoniae	pseudosimplitigs	18	4	7.35	0.13	5.66	78%	659904	0	0	7.377127
spneumoniae.S_pseudosimplitigs.k_18.d_5	spneumoniae	pseudosimplitigs	18	5	7.84	0.12	6.21	80%	663504	0	0	7.872694
spneumoniae.S_streaming.k_18.d_na	spneumoniae	streaming	18	na	1.93	0.02	1.60	84%	124144	0	0	1.99017
spneumoniae.S_greedy.k_19.d_na	spneumoniae	greedy	19	na	6.56	0.18	4.57	72%	944880	0	0	6.60775
spneumoniae.S_pseudosimplitigs.k_19.d_1	spneumoniae	pseudosimplitigs	19	1	7.36	0.11	5.70	79%	660048	0	0	7.418601
spneumoniae.S_pseudosimplitigs.k_19.d_2	spneumoniae	pseudosimplitigs	19	2	7.34	0.10	5.68	78%	642160	0	0	7.370545
spneumoniae.S_pseudosimplitigs.k_19.d_3	spneumoniae	pseudosimplitigs	19	3	8.68	0.18	6.47	76%	501104	0	0	8.791473
spneumoniae.S_pseudosimplitigs.k_19.d_4	spneumoniae	pseudosimplitigs	19	4	7.46	0.13	5.77	79%	659072	0	0	7.531735
spneumoniae.S_pseudosimplitigs.k_19.d_5	spneumoniae	pseudosimplitigs	19	5	7.40	0.14	5.72	79%	642256	0	0	7.464175
spneumoniae.S_streaming.k_19.d_na	spneumoniae	streaming	19	na	1.79	0.02	1.42	80%	124944	0	0	1.8547
spneumoniae.S_greedy.k_20.d_na	spneumoniae	greedy	20	na	6.06	0.20	4.33	74%	920960	0	0	6.091054
spneumoniae.S_pseudosimplitigs.k_20.d_1	spneumoniae	pseudosimplitigs	20	1	7.53	0.12	5.84	79%	648832	0	0	7.559774
spneumoniae.S_pseudosimplitigs.k_20.d_2	spneumoniae	pseudosimplitigs	20	2	7.67	0.14	5.99	79%	646224	0	0	7.732489
spneumoniae.S_pseudosimplitigs.k_20.d_3	spneumoniae	pseudosimplitigs	20	3	7.68	0.13	5.96	79%	662288	0	0	7.718881
spneumoniae.S_pseudosimplitigs.k_20.d_4	spneumoniae	pseudosimplitigs	20	4	7.78	0.15	6.04	79%	496848	0	0	7.825079
spneumoniae.S_pseudosimplitigs.k_20.d_5	spneumoniae	pseudosimplitigs	20	5	7.65	0.12	5.99	79%	644112	0	0	7.70736
spneumoniae.S_streaming.k_20.d_na	spneumoniae	streaming	20	na	1.72	0.02	1.29	76%	124960	0	0	1.753444
spneumoniae-pangenome.S_greedy.k_2.d_na	spneumoniae-pangenome	greedy	2	na	0.31	0.00	0.27	89%	1776	0	0	0.355217
spneumoniae-pangenome.S_pseudosimplitigs.k_2.d_1	spneumoniae-pangenome	pseudosimplitigs	2	1	0.53	0.01	0.37	73%	38752	0	0	0.550747
spneumoniae-pangenome.S_pseudosimplitigs.k_2.d_2	spneumoniae-pangenome	pseudosimplitigs	2	2	0.55	0.02	0.40	77%	38672	0	0	0.587184
spneumoniae-pangenome.S_pseudosimplitigs.k_2.d_3	spneumoniae-pangenome	pseudosimplitigs	2	3	0.53	0.01	0.37	73%	38656	0	0	0.549726
spneumoniae-pangenome.S_pseudosimplitigs.k_2.d_4	spneumoniae-pangenome	pseudosimplitigs	2	4	0.56	0.01	0.41	76%	38448	0	0	0.60995
spneumoniae-pangenome.S_pseudosimplitigs.k_2.d_5	spneumoniae-pangenome	pseudosimplitigs	2	5	0.53	0.01	0.37	72%	38832	0	0	0.559731
spneumoniae-pangenome.S_streaming.k_2.d_na	spneumoniae-pangenome	streaming	2	na	0.53	0.00	0.50	96%	1376	0	0	0.604968
spneumoniae-pangenome.S_greedy.k_3.d_na	spneumoniae-pangenome	greedy	3	na	0.33	0.00	0.30	90%	1568	0	0	0.370694
spneumoniae-pangenome.S_pseudosimplitigs.k_3.d_1	spneumoniae-pangenome	pseudosimplitigs	3	1	0.68	0.02	0.45	68%	38688	0	0	0.736244
spneumoniae-pangenome.S_pseudosimplitigs.k_3.d_2	spneumoniae-pangenome	pseudosimplitigs	3	2	0.59	0.01	0.42	74%	38768	0	0	0.633535
spneumoniae-pangenome.S_pseudosimplitigs.k_3.d_3	spneumoniae-pangenome	pseudosimplitigs	3	3	0.56	0.01	0.42	78%	38688	0	0	0.641008
spneumoniae-pangenome.S_pseudosimplitigs.k_3.d_4	spneumoniae-pangenome	pseudosimplitigs	3	4	0.57	0.01	0.41	75%	38688	0	0	0.622934
spneumoniae-pangenome.S_pseudosimplitigs.k_3.d_5	spneumoniae-pangenome	pseudosimplitigs	3	5	0.69	0.01	0.48	72%	38368	0	0	0.80492
spneumoniae-pangenome.S_streaming.k_3.d_na	spneumoniae-pangenome	streaming	3	na	0.70	0.00	0.68	98%	1488	0	0	0.749914
spneumoniae-pangenome.S_greedy.k_4.d_na	spneumoniae-pangenome	greedy	4	na	0.37	0.00	0.33	90%	1712	0	0	0.420447
spneumoniae-pangenome.S_pseudosimplitigs.k_4.d_1	spneumoniae-pangenome	pseudosimplitigs	4	1	0.59	0.01	0.40	70%	38880	0	0	0.648664
spneumoniae-pangenome.S_pseudosimplitigs.k_4.d_2	spneumoniae-pangenome	pseudosimplitigs	4	2	0.57	0.01	0.40	73%	38752	0	0	0.608882
spneumoniae-pangenome.S_pseudosimplitigs.k_4.d_3	spneumoniae-pangenome	pseudosimplitigs	4	3	0.64	0.01	0.48	77%	38416	0	0	0.809508
spneumoniae-pangenome.S_pseudosimplitigs.k_4.d_4	spneumoniae-pangenome	pseudosimplitigs	4	4	0.55	0.01	0.41	77%	38800	0	0	0.630731
spneumoniae-pangenome.S_pseudosimplitigs.k_4.d_5	spneumoniae-pangenome	pseudosimplitigs	4	5	0.65	0.02	0.43	70%	38656	0	0	0.681546
spneumoniae-pangenome.S_streaming.k_4.d_na	spneumoniae-pangenome	streaming	4	na	1.04	0.00	0.95	92%	1488	0	0	1.089027
spneumoniae-pangenome.S_greedy.k_5.d_na	spneumoniae-pangenome	greedy	5	na	0.40	0.00	0.36	92%	1824	0	0	0.434119
spneumoniae-pangenome.S_pseudosimplitigs.k_5.d_1	spneumoniae-pangenome	pseudosimplitigs	5	1	0.61	0.01	0.44	74%	38896	0	0	0.645706
spneumoniae-pangenome.S_pseudosimplitigs.k_5.d_2	spneumoniae-pangenome	pseudosimplitigs	5	2	0.59	0.01	0.43	76%	38880	0	0	0.652284
spneumoniae-pangenome.S_pseudosimplitigs.k_5.d_3	spneumoniae-pangenome	pseudosimplitigs	5	3	0.61	0.02	0.45	76%	38800	0	0	0.659779
spneumoniae-pangenome.S_pseudosimplitigs.k_5.d_4	spneumoniae-pangenome	pseudosimplitigs	5	4	0.63	0.02	0.49	80%	38928	0	0	0.679308
spneumoniae-pangenome.S_pseudosimplitigs.k_5.d_5	spneumoniae-pangenome	pseudosimplitigs	5	5	0.60	0.02	0.46	79%	38736	0	0	0.672841
spneumoniae-pangenome.S_streaming.k_5.d_na	spneumoniae-pangenome	streaming	5	na	1.14	0.00	1.13	99%	1408	0	0	1.186264
spneumoniae-pangenome.S_greedy.k_6.d_na	spneumoniae-pangenome	greedy	6	na	0.40	0.00	0.38	96%	2320	0	0	0.437824
spneumoniae-pangenome.S_pseudosimplitigs.k_6.d_1	spneumoniae-pangenome	pseudosimplitigs	6	1	0.61	0.01	0.46	78%	39584	0	0	0.657885
spneumoniae-pangenome.S_pseudosimplitigs.k_6.d_2	spneumoniae-pangenome	pseudosimplitigs	6	2	0.71	0.01	0.55	79%	39152	0	0	0.856066
spneumoniae-pangenome.S_pseudosimplitigs.k_6.d_3	spneumoniae-pangenome	pseudosimplitigs	6	3	0.73	0.01	0.52	74%	39600	0	0	0.807301
spneumoniae-pangenome.S_pseudosimplitigs.k_6.d_4	spneumoniae-pangenome	pseudosimplitigs	6	4	0.65	0.01	0.48	76%	39536	0	0	0.685541
spneumoniae-pangenome.S_pseudosimplitigs.k_6.d_5	spneumoniae-pangenome	pseudosimplitigs	6	5	0.63	0.01	0.48	78%	39504	0	0	0.699292
spneumoniae-pangenome.S_streaming.k_6.d_na	spneumoniae-pangenome	streaming	6	na	1.36	0.00	1.30	95%	1616	0	0	1.405193
spneumoniae-pangenome.S_greedy.k_7.d_na	spneumoniae-pangenome	greedy	7	na	0.45	0.00	0.43	98%	4064	0	0	0.470813
spneumoniae-pangenome.S_pseudosimplitigs.k_7.d_1	spneumoniae-pangenome	pseudosimplitigs	7	1	0.76	0.02	0.58	78%	41680	0	0	0.803556
spneumoniae-pangenome.S_pseudosimplitigs.k_7.d_2	spneumoniae-pangenome	pseudosimplitigs	7	2	0.68	0.01	0.54	81%	41136	0	0	0.707891
spneumoniae-pangenome.S_pseudosimplitigs.k_7.d_3	spneumoniae-pangenome	pseudosimplitigs	7	3	0.68	0.01	0.53	80%	40944	0	0	0.710009
spneumoniae-pangenome.S_pseudosimplitigs.k_7.d_4	spneumoniae-pangenome	pseudosimplitigs	7	4	0.70	0.01	0.55	80%	40784	0	0	0.74766
spneumoniae-pangenome.S_pseudosimplitigs.k_7.d_5	spneumoniae-pangenome	pseudosimplitigs	7	5	0.69	0.01	0.54	80%	41120	0	0	0.70985
spneumoniae-pangenome.S_streaming.k_7.d_na	spneumoniae-pangenome	streaming	7	na	1.57	0.00	1.49	95%	2176	0	0	1.629656
spneumoniae-pangenome.S_greedy.k_8.d_na	spneumoniae-pangenome	greedy	8	na	0.73	0.00	0.55	75%	14288	0	0	0.833939
spneumoniae-pangenome.S_pseudosimplitigs.k_8.d_1	spneumoniae-pangenome	pseudosimplitigs	8	1	1.01	0.02	0.78	79%	49936	0	0	1.083751
spneumoniae-pangenome.S_pseudosimplitigs.k_8.d_2	spneumoniae-pangenome	pseudosimplitigs	8	2	0.93	0.02	0.74	82%	49888	0	0	0.983575
spneumoniae-pangenome.S_pseudosimplitigs.k_8.d_3	spneumoniae-pangenome	pseudosimplitigs	8	3	0.86	0.01	0.72	85%	50496	0	0	0.926691
spneumoniae-pangenome.S_pseudosimplitigs.k_8.d_4	spneumoniae-pangenome	pseudosimplitigs	8	4	0.94	0.02	0.77	84%	50976	0	0	0.98231
spneumoniae-pangenome.S_pseudosimplitigs.k_8.d_5	spneumoniae-pangenome	pseudosimplitigs	8	5	0.83	0.01	0.67	82%	48672	0	0	0.867613
spneumoniae-pangenome.S_streaming.k_8.d_na	spneumoniae-pangenome	streaming	8	na	1.57	0.00	1.55	99%	3264	0	0	1.623059
spneumoniae-pangenome.S_greedy.k_9.d_na	spneumoniae-pangenome	greedy	9	na	0.79	0.01	0.75	96%	37760	0	0	0.827162
spneumoniae-pangenome.S_pseudosimplitigs.k_9.d_1	spneumoniae-pangenome	pseudosimplitigs	9	1	1.99	0.03	1.78	90%	77696	0	0	2.044518
spneumoniae-pangenome.S_pseudosimplitigs.k_9.d_2	spneumoniae-pangenome	pseudosimplitigs	9	2	1.73	0.02	1.48	87%	85216	0	0	1.775557
spneumoniae-pangenome.S_pseudosimplitigs.k_9.d_3	spneumoniae-pangenome	pseudosimplitigs	9	3	2.47	0.03	2.27	93%	90016	0	0	2.51617
spneumoniae-pangenome.S_pseudosimplitigs.k_9.d_4	spneumoniae-pangenome	pseudosimplitigs	9	4	2.41	0.03	2.21	92%	86704	0	0	2.449189
spneumoniae-pangenome.S_pseudosimplitigs.k_9.d_5	spneumoniae-pangenome	pseudosimplitigs	9	5	2.60	0.03	2.37	92%	84896	0	0	2.653275
spneumoniae-pangenome.S_streaming.k_9.d_na	spneumoniae-pangenome	streaming	9	na	3.10	0.01	3.03	98%	9104	0	0	3.165407
spneumoniae-pangenome.S_greedy.k_10.d_na	spneumoniae-pangenome	greedy	10	na	2.46	0.04	1.90	78%	154112	0	0	2.562569
spneumoniae-pangenome.S_pseudosimplitigs.k_10.d_1	spneumoniae-pangenome	pseudosimplitigs	10	1	7.92	0.10	3.84	49%	204032	0	0	8.958408
spneumoniae-pangenome.S_pseudosimplitigs.k_10.d_2	spneumoniae-pangenome	pseudosimplitigs	10	2	4.24	0.05	3.71	88%	183200	0	0	4.291043
spneumoniae-pangenome.S_pseudosimplitigs.k_10.d_3	spneumoniae-pangenome	pseudosimplitigs	10	3	5.43	0.05	4.88	90%	216704	0	0	5.478314
spneumoniae-pangenome.S_pseudosimplitigs.k_10.d_4	spneumoniae-pangenome	pseudosimplitigs	10	4	4.48	0.05	3.93	89%	218624	0	0	4.532062
spneumoniae-pangenome.S_pseudosimplitigs.k_10.d_5	spneumoniae-pangenome	pseudosimplitigs	10	5	4.58	0.05	4.03	89%	220112	0	0	4.625404
spneumoniae-pangenome.S_streaming.k_10.d_na	spneumoniae-pangenome	streaming	10	na	5.66	0.02	5.24	92%	28912	0	0	5.746594
spneumoniae-pangenome.S_greedy.k_11.d_na	spneumoniae-pangenome	greedy	11	na	4.75	0.09	3.87	83%	518688	0	0	4.801193
spneumoniae-pangenome.S_pseudosimplitigs.k_11.d_1	spneumoniae-pangenome	pseudosimplitigs	11	1	8.31	0.12	6.92	84%	501664	0	0	8.340287
spneumoniae-pangenome.S_pseudosimplitigs.k_11.d_2	spneumoniae-pangenome	pseudosimplitigs	11	2	8.27	0.12	6.89	84%	497440	0	0	8.30382
spneumoniae-pangenome.S_pseudosimplitigs.k_11.d_3	spneumoniae-pangenome	pseudosimplitigs	11	3	9.72	0.13	8.32	87%	509408	0	0	9.752793
spneumoniae-pangenome.S_pseudosimplitigs.k_11.d_4	spneumoniae-pangenome	pseudosimplitigs	11	4	18.48	0.15	17.08	93%	502512	0	0	18.515839
spneumoniae-pangenome.S_pseudosimplitigs.k_11.d_5	spneumoniae-pangenome	pseudosimplitigs	11	5	9.50	0.34	7.90	86%	500528	0	0	9.532795
spneumoniae-pangenome.S_streaming.k_11.d_na	spneumoniae-pangenome	streaming	11	na	6.78	0.03	6.60	97%	64288	0	0	6.972201
spneumoniae-pangenome.S_greedy.k_12.d_na	spneumoniae-pangenome	greedy	12	na	9.87	0.22	8.00	83%	1128320	0	0	9.931176
spneumoniae-pangenome.S_pseudosimplitigs.k_12.d_1	spneumoniae-pangenome	pseudosimplitigs	12	1	17.15	0.26	12.69	75%	775456	0	0	17.25806
spneumoniae-pangenome.S_pseudosimplitigs.k_12.d_2	spneumoniae-pangenome	pseudosimplitigs	12	2	15.71	0.25	12.72	82%	1087408	0	0	15.773284
spneumoniae-pangenome.S_pseudosimplitigs.k_12.d_3	spneumoniae-pangenome	pseudosimplitigs	12	3	16.09	0.27	13.13	83%	1093648	0	0	16.153154
spneumoniae-pangenome.S_pseudosimplitigs.k_12.d_4	spneumoniae-pangenome	pseudosimplitigs	12	4	17.38	0.27	13.26	77%	837152	0	0	17.443193
spneumoniae-pangenome.S_pseudosimplitigs.k_12.d_5	spneumoniae-pangenome	pseudosimplitigs	12	5	25.65	6.20	16.50	88%	1140880	0	0	25.70144
spneumoniae-pangenome.S_streaming.k_12.d_na	spneumoniae-pangenome	streaming	12	na	7.46	0.04	7.31	98%	209088	0	0	7.518619
spneumoniae-pangenome.S_greedy.k_13.d_na	spneumoniae-pangenome	greedy	13	na	16.98	0.62	13.17	81%	1446080	0	0	17.019794
spneumoniae-pangenome.S_pseudosimplitigs.k_13.d_1	spneumoniae-pangenome	pseudosimplitigs	13	1	21.99	0.34	17.10	79%	1318528	0	0	22.035195
spneumoniae-pangenome.S_pseudosimplitigs.k_13.d_2	spneumoniae-pangenome	pseudosimplitigs	13	2	22.11	0.40	17.47	80%	1235936	0	0	22.14027
spneumoniae-pangenome.S_pseudosimplitigs.k_13.d_3	spneumoniae-pangenome	pseudosimplitigs	13	3	22.99	0.39	18.49	82%	1433488	0	0	23.033654
spneumoniae-pangenome.S_pseudosimplitigs.k_13.d_4	spneumoniae-pangenome	pseudosimplitigs	13	4	26.26	0.39	21.96	85%	1215504	0	0	26.279781
spneumoniae-pangenome.S_pseudosimplitigs.k_13.d_5	spneumoniae-pangenome	pseudosimplitigs	13	5	39.83	11.03	24.91	90%	1536928	0	0	39.856654
spneumoniae-pangenome.S_streaming.k_13.d_na	spneumoniae-pangenome	streaming	13	na	7.94	0.07	7.74	98%	262256	0	0	8.000583
spneumoniae-pangenome.S_greedy.k_14.d_na	spneumoniae-pangenome	greedy	14	na	20.76	0.74	15.76	79%	1883184	0	0	20.8379
spneumoniae-pangenome.S_pseudosimplitigs.k_14.d_1	spneumoniae-pangenome	pseudosimplitigs	14	1	25.56	0.44	20.23	80%	1445936	0	0	25.58099
spneumoniae-pangenome.S_pseudosimplitigs.k_14.d_2	spneumoniae-pangenome	pseudosimplitigs	14	2	25.66	0.40	20.59	81%	1655248	0	0	25.693207
spneumoniae-pangenome.S_pseudosimplitigs.k_14.d_3	spneumoniae-pangenome	pseudosimplitigs	14	3	26.80	0.40	21.70	82%	1618032	0	0	26.883471
spneumoniae-pangenome.S_pseudosimplitigs.k_14.d_4	spneumoniae-pangenome	pseudosimplitigs	14	4	29.14	0.41	24.13	84%	1400272	0	0	29.165542
spneumoniae-pangenome.S_pseudosimplitigs.k_14.d_5	spneumoniae-pangenome	pseudosimplitigs	14	5	42.49	4.55	31.56	85%	1322272	0	0	42.583669
spneumoniae-pangenome.S_streaming.k_14.d_na	spneumoniae-pangenome	streaming	14	na	8.47	0.07	7.63	90%	295120	0	0	8.569572
spneumoniae-pangenome.S_greedy.k_15.d_na	spneumoniae-pangenome	greedy	15	na	26.82	3.75	17.09	77%	1458752	0	0	26.848111
spneumoniae-pangenome.S_pseudosimplitigs.k_15.d_1	spneumoniae-pangenome	pseudosimplitigs	15	1	35.79	2.65	24.15	74%	1209552	0	0	37.221978
spneumoniae-pangenome.S_pseudosimplitigs.k_15.d_2	spneumoniae-pangenome	pseudosimplitigs	15	2	28.59	0.67	22.89	82%	1679936	0	0	28.639573
spneumoniae-pangenome.S_pseudosimplitigs.k_15.d_3	spneumoniae-pangenome	pseudosimplitigs	15	3	28.04	0.47	22.54	82%	1526688	0	0	28.127218
spneumoniae-pangenome.S_pseudosimplitigs.k_15.d_4	spneumoniae-pangenome	pseudosimplitigs	15	4	29.11	0.44	23.89	83%	1725824	0	0	29.148573
spneumoniae-pangenome.S_pseudosimplitigs.k_15.d_5	spneumoniae-pangenome	pseudosimplitigs	15	5	36.59	0.51	31.30	86%	1458032	0	0	36.644979
spneumoniae-pangenome.S_streaming.k_15.d_na	spneumoniae-pangenome	streaming	15	na	8.47	0.07	7.93	94%	415072	0	0	8.496139
spneumoniae-pangenome.S_greedy.k_16.d_na	spneumoniae-pangenome	greedy	16	na	24.58	1.08	18.78	80%	1878464	0	0	24.620348
spneumoniae-pangenome.S_pseudosimplitigs.k_16.d_1	spneumoniae-pangenome	pseudosimplitigs	16	1	28.36	0.46	23.03	82%	1583648	0	0	28.448337
spneumoniae-pangenome.S_pseudosimplitigs.k_16.d_2	spneumoniae-pangenome	pseudosimplitigs	16	2	27.79	0.44	22.51	82%	1873776	0	0	27.835441
spneumoniae-pangenome.S_pseudosimplitigs.k_16.d_3	spneumoniae-pangenome	pseudosimplitigs	16	3	28.70	0.42	23.40	83%	2064608	0	0	28.758229
spneumoniae-pangenome.S_pseudosimplitigs.k_16.d_4	spneumoniae-pangenome	pseudosimplitigs	16	4	30.82	0.74	24.84	83%	1401216	0	0	30.843443
spneumoniae-pangenome.S_pseudosimplitigs.k_16.d_5	spneumoniae-pangenome	pseudosimplitigs	16	5	33.49	0.47	28.04	85%	1936704	0	0	33.531241
spneumoniae-pangenome.S_streaming.k_16.d_na	spneumoniae-pangenome	streaming	16	na	8.24	0.08	7.62	93%	378976	0	0	8.286591
spneumoniae-pangenome.S_greedy.k_17.d_na	spneumoniae-pangenome	greedy	17	na	30.03	4.34	19.31	78%	2166448	0	0	30.07603
spneumoniae-pangenome.S_pseudosimplitigs.k_17.d_1	spneumoniae-pangenome	pseudosimplitigs	17	1	28.75	0.45	23.35	82%	1700208	0	0	28.799024
spneumoniae-pangenome.S_pseudosimplitigs.k_17.d_2	spneumoniae-pangenome	pseudosimplitigs	17	2	29.99	0.49	24.48	83%	1555200	0	0	30.08614
spneumoniae-pangenome.S_pseudosimplitigs.k_17.d_3	spneumoniae-pangenome	pseudosimplitigs	17	3	29.64	0.45	24.21	83%	2107904	0	0	29.769629
spneumoniae-pangenome.S_pseudosimplitigs.k_17.d_4	spneumoniae-pangenome	pseudosimplitigs	17	4	32.12	0.73	26.01	83%	1410096	0	0	32.159255
spneumoniae-pangenome.S_pseudosimplitigs.k_17.d_5	spneumoniae-pangenome	pseudosimplitigs	17	5	36.05	0.55	30.40	85%	1799776	0	0	36.108139
spneumoniae-pangenome.S_streaming.k_17.d_na	spneumoniae-pangenome	streaming	17	na	8.50	0.10	7.97	95%	373856	0	0	8.548902
spneumoniae-pangenome.S_greedy.k_18.d_na	spneumoniae-pangenome	greedy	18	na	25.52	1.24	19.13	79%	1994416	0	0	25.578396
spneumoniae-pangenome.S_pseudosimplitigs.k_18.d_1	spneumoniae-pangenome	pseudosimplitigs	18	1	30.95	0.72	24.84	82%	1513680	0	0	31.002098
spneumoniae-pangenome.S_pseudosimplitigs.k_18.d_2	spneumoniae-pangenome	pseudosimplitigs	18	2	30.23	0.58	24.33	82%	1782016	0	0	30.281951
spneumoniae-pangenome.S_pseudosimplitigs.k_18.d_3	spneumoniae-pangenome	pseudosimplitigs	18	3	30.79	0.54	24.92	82%	1587904	0	0	30.844036
spneumoniae-pangenome.S_pseudosimplitigs.k_18.d_4	spneumoniae-pangenome	pseudosimplitigs	18	4	31.74	0.55	25.94	83%	1615888	0	0	31.795789
spneumoniae-pangenome.S_pseudosimplitigs.k_18.d_5	spneumoniae-pangenome	pseudosimplitigs	18	5	35.71	0.57	29.88	85%	1590608	0	0	35.771622
spneumoniae-pangenome.S_streaming.k_18.d_na	spneumoniae-pangenome	streaming	18	na	8.65	0.11	8.22	96%	438048	0	0	8.683011
spneumoniae-pangenome.S_greedy.k_19.d_na	spneumoniae-pangenome	greedy	19	na	24.70	0.67	19.35	81%	2511232	0	0	24.746754
spneumoniae-pangenome.S_pseudosimplitigs.k_19.d_1	spneumoniae-pangenome	pseudosimplitigs	19	1	30.76	0.49	24.92	82%	1809376	0	0	30.847716
spneumoniae-pangenome.S_pseudosimplitigs.k_19.d_2	spneumoniae-pangenome	pseudosimplitigs	19	2	32.40	0.76	25.96	82%	1527536	0	0	32.464554
spneumoniae-pangenome.S_pseudosimplitigs.k_19.d_3	spneumoniae-pangenome	pseudosimplitigs	19	3	32.41	0.61	26.29	82%	1571152	0	0	32.492694
spneumoniae-pangenome.S_pseudosimplitigs.k_19.d_4	spneumoniae-pangenome	pseudosimplitigs	19	4	32.32	0.56	26.38	83%	1642608	0	0	32.376753
spneumoniae-pangenome.S_pseudosimplitigs.k_19.d_5	spneumoniae-pangenome	pseudosimplitigs	19	5	38.50	0.82	32.01	85%	1290576	0	0	38.560089
spneumoniae-pangenome.S_streaming.k_19.d_na	spneumoniae-pangenome	streaming	19	na	8.39	0.11	7.77	93%	381616	0	0	8.449891
spneumoniae-pangenome.S_greedy.k_20.d_na	spneumoniae-pangenome	greedy	20	na	25.74	0.86	19.83	80%	2254352	0	0	25.815662
spneumoniae-pangenome.S_pseudosimplitigs.k_20.d_1	spneumoniae-pangenome	pseudosimplitigs	20	1	31.73	0.57	25.54	82%	1548048	0	0	31.782967
spneumoniae-pangenome.S_pseudosimplitigs.k_20.d_2	spneumoniae-pangenome	pseudosimplitigs	20	2	33.31	0.81	26.62	82%	1204480	0	0	33.379877
spneumoniae-pangenome.S_pseudosimplitigs.k_20.d_3	spneumoniae-pangenome	pseudosimplitigs	20	3	34.03	0.90	27.20	82%	1562880	0	0	34.087239
spneumoniae-pangenome.S_pseudosimplitigs.k_20.d_4	spneumoniae-pangenome	pseudosimplitigs	20	4	34.63	0.77	27.96	82%	1412112	0	0	34.654811
spneumoniae-pangenome.S_pseudosimplitigs.k_20.d_5	spneumoniae-pangenome	pseudosimplitigs	20	5	37.60	0.59	31.49	85%	2117984	0	0	37.711671
spneumoniae-pangenome.S_streaming.k_20.d_na	spneumoniae-pangenome	streaming	20	na	8.50	0.09	8.02	95%	449376	0	0	8.552269
yeast.S_greedy.k_2.d_na	yeast	greedy	2	na	0.35	0.00	0.22	64%	7152	0	0	0.419101
yeast.S_pseudosimplitigs.k_2.d_1	yeast	pseudosimplitigs	2	1	0.45	0.00	0.30	67%	16480	0	0	0.533013
yeast.S_pseudosimplitigs.k_2.d_2	yeast	pseudosimplitigs	2	2	0.47	0.00	0.29	63%	16928	0	0	0.527551
yeast.S_pseudosimplitigs.k_2.d_3	yeast	pseudosimplitigs	2	3	0.68	0.01	0.32	49%	16944	0	0	0.882565
yeast.S_pseudosimplitigs.k_2.d_4	yeast	pseudosimplitigs	2	4	0.44	0.00	0.30	69%	16768	0	0	0.466499
yeast.S_pseudosimplitigs.k_2.d_5	yeast	pseudosimplitigs	2	5	0.44	0.00	0.30	71%	16768	0	0	0.464702
yeast.S_streaming.k_2.d_na	yeast	streaming	2	na	0.58	0.00	0.42	74%	4416	0	0	0.606663
yeast.S_greedy.k_3.d_na	yeast	greedy	3	na	0.38	0.00	0.23	63%	7104	0	0	0.431859
yeast.S_pseudosimplitigs.k_3.d_1	yeast	pseudosimplitigs	3	1	0.49	0.01	0.34	72%	17008	0	0	0.559369
yeast.S_pseudosimplitigs.k_3.d_2	yeast	pseudosimplitigs	3	2	0.49	0.01	0.34	70%	16976	0	0	0.548753
yeast.S_pseudosimplitigs.k_3.d_3	yeast	pseudosimplitigs	3	3	0.46	0.00	0.31	70%	16720	0	0	0.4919
yeast.S_pseudosimplitigs.k_3.d_4	yeast	pseudosimplitigs	3	4	0.48	0.01	0.34	73%	16784	0	0	0.539861
yeast.S_pseudosimplitigs.k_3.d_5	yeast	pseudosimplitigs	3	5	0.48	0.00	0.33	71%	16496	0	0	0.534202
yeast.S_streaming.k_3.d_na	yeast	streaming	3	na	0.92	0.01	0.61	68%	4832	0	0	1.046086
yeast.S_greedy.k_4.d_na	yeast	greedy	4	na	0.43	0.00	0.27	63%	7088	0	0	0.461206
yeast.S_pseudosimplitigs.k_4.d_1	yeast	pseudosimplitigs	4	1	0.48	0.01	0.33	71%	16752	0	0	0.504827
yeast.S_pseudosimplitigs.k_4.d_2	yeast	pseudosimplitigs	4	2	0.53	0.01	0.35	67%	17088	0	0	0.56063
yeast.S_pseudosimplitigs.k_4.d_3	yeast	pseudosimplitigs	4	3	0.48	0.00	0.33	70%	16592	0	0	0.521047
yeast.S_pseudosimplitigs.k_4.d_4	yeast	pseudosimplitigs	4	4	0.49	0.00	0.34	72%	16928	0	0	0.514004
yeast.S_pseudosimplitigs.k_4.d_5	yeast	pseudosimplitigs	4	5	0.48	0.00	0.33	71%	16816	0	0	0.531864
yeast.S_streaming.k_4.d_na	yeast	streaming	4	na	0.91	0.00	0.78	86%	4560	0	0	0.939143
yeast.S_greedy.k_5.d_na	yeast	greedy	5	na	0.46	0.00	0.29	65%	7504	0	0	0.543743
yeast.S_pseudosimplitigs.k_5.d_1	yeast	pseudosimplitigs	5	1	0.51	0.00	0.37	73%	16720	0	0	0.53876
yeast.S_pseudosimplitigs.k_5.d_2	yeast	pseudosimplitigs	5	2	0.48	0.00	0.35	74%	17136	0	0	0.506582
yeast.S_pseudosimplitigs.k_5.d_3	yeast	pseudosimplitigs	5	3	0.52	0.01	0.36	72%	17008	0	0	0.547015
yeast.S_pseudosimplitigs.k_5.d_4	yeast	pseudosimplitigs	5	4	0.51	0.00	0.36	73%	17120	0	0	0.537854
yeast.S_pseudosimplitigs.k_5.d_5	yeast	pseudosimplitigs	5	5	0.51	0.01	0.36	73%	17200	0	0	0.568525
yeast.S_streaming.k_5.d_na	yeast	streaming	5	na	1.10	0.00	0.96	88%	4496	0	0	1.152096
yeast.S_greedy.k_6.d_na	yeast	greedy	6	na	0.47	0.00	0.32	68%	8096	0	0	0.50921
yeast.S_pseudosimplitigs.k_6.d_1	yeast	pseudosimplitigs	6	1	0.59	0.00	0.41	70%	17792	0	0	0.640014
yeast.S_pseudosimplitigs.k_6.d_2	yeast	pseudosimplitigs	6	2	0.56	0.00	0.40	73%	17984	0	0	0.616786
yeast.S_pseudosimplitigs.k_6.d_3	yeast	pseudosimplitigs	6	3	0.56	0.01	0.41	74%	17216	0	0	0.591937
yeast.S_pseudosimplitigs.k_6.d_4	yeast	pseudosimplitigs	6	4	0.56	0.00	0.39	71%	16640	0	0	0.602244
yeast.S_pseudosimplitigs.k_6.d_5	yeast	pseudosimplitigs	6	5	0.72	0.01	0.44	63%	17344	0	0	0.981307
yeast.S_streaming.k_6.d_na	yeast	streaming	6	na	1.24	0.00	1.10	89%	4752	0	0	1.279525
yeast.S_greedy.k_7.d_na	yeast	greedy	7	na	0.55	0.00	0.37	69%	9120	0	0	0.57488
yeast.S_pseudosimplitigs.k_7.d_1	yeast	pseudosimplitigs	7	1	0.60	0.01	0.46	77%	19408	0	0	0.627464
yeast.S_pseudosimplitigs.k_7.d_2	yeast	pseudosimplitigs	7	2	0.59	0.01	0.44	76%	19504	0	0	0.643979
yeast.S_pseudosimplitigs.k_7.d_3	yeast	pseudosimplitigs	7	3	0.58	0.01	0.44	77%	19936	0	0	0.633187
yeast.S_pseudosimplitigs.k_7.d_4	yeast	pseudosimplitigs	7	4	0.60	0.01	0.45	76%	19248	0	0	0.633644
yeast.S_pseudosimplitigs.k_7.d_5	yeast	pseudosimplitigs	7	5	0.70	0.01	0.50	73%	20224	0	0	0.778942
yeast.S_streaming.k_7.d_na	yeast	streaming	7	na	1.71	0.01	1.35	79%	5056	0	0	1.897648
yeast.S_greedy.k_8.d_na	yeast	greedy	8	na	0.55	0.00	0.41	76%	15760	0	0	0.675666
yeast.S_pseudosimplitigs.k_8.d_1	yeast	pseudosimplitigs	8	1	0.81	0.01	0.66	82%	28880	0	0	0.840639
yeast.S_pseudosimplitigs.k_8.d_2	yeast	pseudosimplitigs	8	2	0.69	0.01	0.54	79%	29104	0	0	0.719699
yeast.S_pseudosimplitigs.k_8.d_3	yeast	pseudosimplitigs	8	3	0.86	0.01	0.71	83%	27936	0	0	0.922262
yeast.S_pseudosimplitigs.k_8.d_4	yeast	pseudosimplitigs	8	4	0.66	0.00	0.52	79%	28752	0	0	0.73143
yeast.S_pseudosimplitigs.k_8.d_5	yeast	pseudosimplitigs	8	5	0.65	0.01	0.50	79%	29552	0	0	0.689888
yeast.S_streaming.k_8.d_na	yeast	streaming	8	na	1.63	0.00	1.47	90%	6608	0	0	1.702746
yeast.S_greedy.k_9.d_na	yeast	greedy	9	na	0.76	0.01	0.58	77%	46832	0	0	0.806347
yeast.S_pseudosimplitigs.k_9.d_1	yeast	pseudosimplitigs	9	1	1.67	0.01	1.48	89%	65328	0	0	1.706456
yeast.S_pseudosimplitigs.k_9.d_2	yeast	pseudosimplitigs	9	2	1.78	0.02	1.56	89%	62336	0	0	1.845872
yeast.S_pseudosimplitigs.k_9.d_3	yeast	pseudosimplitigs	9	3	1.56	0.01	1.35	87%	63152	0	0	1.611356
yeast.S_pseudosimplitigs.k_9.d_4	yeast	pseudosimplitigs	9	4	1.69	0.01	1.49	88%	67664	0	0	1.766084
yeast.S_pseudosimplitigs.k_9.d_5	yeast	pseudosimplitigs	9	5	1.85	0.02	1.64	90%	58352	0	0	1.906607
yeast.S_streaming.k_9.d_na	yeast	streaming	9	na	2.20	0.01	2.05	93%	11712	0	0	2.24466
yeast.S_greedy.k_10.d_na	yeast	greedy	10	na	4.04	0.04	1.90	48%	169152	0	0	4.140535
yeast.S_pseudosimplitigs.k_10.d_1	yeast	pseudosimplitigs	10	1	4.58	0.06	3.77	83%	185952	0	0	4.681929
yeast.S_pseudosimplitigs.k_10.d_2	yeast	pseudosimplitigs	10	2	4.65	0.07	3.94	86%	185456	0	0	4.685629
yeast.S_pseudosimplitigs.k_10.d_3	yeast	pseudosimplitigs	10	3	4.86	0.06	4.25	88%	176048	0	0	4.925869
yeast.S_pseudosimplitigs.k_10.d_4	yeast	pseudosimplitigs	10	4	8.57	0.07	7.96	93%	213424	0	0	8.620783
yeast.S_pseudosimplitigs.k_10.d_5	yeast	pseudosimplitigs	10	5	6.96	0.05	6.40	92%	208416	0	0	6.981222
yeast.S_streaming.k_10.d_na	yeast	streaming	10	na	5.62	0.02	4.98	89%	32592	0	0	5.69779
yeast.S_greedy.k_11.d_na	yeast	greedy	11	na	6.05	0.14	4.71	80%	593184	0	0	6.116591
yeast.S_pseudosimplitigs.k_11.d_1	yeast	pseudosimplitigs	11	1	9.74	0.17	8.01	84%	552720	0	0	9.820002
yeast.S_pseudosimplitigs.k_11.d_2	yeast	pseudosimplitigs	11	2	9.80	0.20	7.96	83%	554496	0	0	9.842387
yeast.S_pseudosimplitigs.k_11.d_3	yeast	pseudosimplitigs	11	3	33.39	3.72	17.32	63%	280736	0	0	33.520382
yeast.S_pseudosimplitigs.k_11.d_4	yeast	pseudosimplitigs	11	4	36.69	0.73	33.51	93%	553648	0	0	36.723414
yeast.S_pseudosimplitigs.k_11.d_5	yeast	pseudosimplitigs	11	5	54.54	8.41	44.39	96%	637728	0	0	54.608608
yeast.S_streaming.k_11.d_na	yeast	streaming	11	na	5.96	0.03	5.75	97%	114592	0	0	5.997674
yeast.S_greedy.k_12.d_na	yeast	greedy	12	na	14.47	0.59	11.09	80%	1161392	0	0	14.519413
yeast.S_pseudosimplitigs.k_12.d_1	yeast	pseudosimplitigs	12	1	21.80	0.44	17.14	80%	1133328	0	0	21.84289
yeast.S_pseudosimplitigs.k_12.d_2	yeast	pseudosimplitigs	12	2	21.57	0.35	17.29	81%	1374112	0	0	21.629327
yeast.S_pseudosimplitigs.k_12.d_3	yeast	pseudosimplitigs	12	3	26.08	0.37	21.89	85%	1357936	0	0	26.153004
yeast.S_pseudosimplitigs.k_12.d_4	yeast	pseudosimplitigs	12	4	65.83	1.35	59.68	92%	726608	0	0	65.883465
yeast.S_pseudosimplitigs.k_12.d_5	yeast	pseudosimplitigs	12	5	884.52	493.38	354.16	95%	800704	0	0	884.555434
yeast.S_streaming.k_12.d_na	yeast	streaming	12	na	8.07	0.08	7.72	96%	238592	0	0	8.138376
yeast.S_greedy.k_13.d_na	yeast	greedy	13	na	24.38	0.62	19.12	80%	2111856	0	0	24.411768
yeast.S_pseudosimplitigs.k_13.d_1	yeast	pseudosimplitigs	13	1	32.19	0.51	24.52	77%	2197936	0	0	32.268054
yeast.S_pseudosimplitigs.k_13.d_2	yeast	pseudosimplitigs	13	2	32.14	0.58	24.60	78%	1284544	0	0	32.164119
yeast.S_pseudosimplitigs.k_13.d_3	yeast	pseudosimplitigs	13	3	35.54	0.80	28.12	81%	1861040	0	0	35.577469
yeast.S_pseudosimplitigs.k_13.d_4	yeast	pseudosimplitigs	13	4	58.91	1.27	47.68	83%	1426512	0	0	59.034512
yeast.S_pseudosimplitigs.k_13.d_5	yeast	pseudosimplitigs	13	5	532.27	247.08	249.04	93%	1565728	0	0	532.33005
yeast.S_streaming.k_13.d_na	yeast	streaming	13	na	9.45	0.14	8.97	96%	371744	0	0	9.497888
yeast.S_greedy.k_14.d_na	yeast	greedy	14	na	151.51	80.60	33.27	75%	1914880	0	0	151.576727
yeast.S_pseudosimplitigs.k_14.d_1	yeast	pseudosimplitigs	14	1	40.26	0.91	30.97	79%	2160800	0	0	40.302666
yeast.S_pseudosimplitigs.k_14.d_2	yeast	pseudosimplitigs	14	2	39.54	0.75	30.79	79%	1699936	0	0	39.632734
yeast.S_pseudosimplitigs.k_14.d_3	yeast	pseudosimplitigs	14	3	41.84	0.97	32.78	80%	1512656	0	0	41.901516
yeast.S_pseudosimplitigs.k_14.d_4	yeast	pseudosimplitigs	14	4	191.25	50.28	109.25	83%	1599840	0	0	191.306836
yeast.S_pseudosimplitigs.k_14.d_5	yeast	pseudosimplitigs	14	5	1345.57	751.36	540.38	96%	1721808	0	0	1345.622274
yeast.S_streaming.k_14.d_na	yeast	streaming	14	na	49.81	0.17	8.78	17%	443648	0	0	49.838252
yeast.S_greedy.k_15.d_na	yeast	greedy	15	na	37.80	3.04	25.49	75%	3035584	0	0	37.855029
yeast.S_pseudosimplitigs.k_15.d_1	yeast	pseudosimplitigs	15	1	39.68	0.96	30.75	79%	1825200	0	0	39.742516
yeast.S_pseudosimplitigs.k_15.d_2	yeast	pseudosimplitigs	15	2	50.62	5.43	33.06	76%	1574896	0	0	50.68484
yeast.S_pseudosimplitigs.k_15.d_3	yeast	pseudosimplitigs	15	3	41.81	0.78	32.70	80%	2721616	0	0	41.874913
yeast.S_pseudosimplitigs.k_15.d_4	yeast	pseudosimplitigs	15	4	55.23	1.82	44.42	83%	1647376	0	0	55.26406
yeast.S_pseudosimplitigs.k_15.d_5	yeast	pseudosimplitigs	15	5	218.22	88.85	116.12	93%	1495712	0	0	218.27951
yeast.S_streaming.k_15.d_na	yeast	streaming	15	na	10.07	0.16	9.28	93%	499952	0	0	10.170593
yeast.S_greedy.k_16.d_na	yeast	greedy	16	na	36.35	1.59	25.85	75%	3000416	0	0	36.385096
yeast.S_pseudosimplitigs.k_16.d_1	yeast	pseudosimplitigs	16	1	40.45	0.97	31.20	79%	1650416	0	0	40.483389
yeast.S_pseudosimplitigs.k_16.d_2	yeast	pseudosimplitigs	16	2	41.35	0.97	31.82	79%	2064976	0	0	41.392238
yeast.S_pseudosimplitigs.k_16.d_3	yeast	pseudosimplitigs	16	3	41.90	0.80	32.54	79%	2063728	0	0	41.947276
yeast.S_pseudosimplitigs.k_16.d_4	yeast	pseudosimplitigs	16	4	48.40	0.74	39.16	82%	2850000	0	0	48.466812
yeast.S_pseudosimplitigs.k_16.d_5	yeast	pseudosimplitigs	16	5	71.18	7.02	51.06	81%	1873664	0	0	71.227698
yeast.S_streaming.k_16.d_na	yeast	streaming	16	na	9.94	0.17	8.94	91%	514080	0	0	10.026528
yeast.S_greedy.k_17.d_na	yeast	greedy	17	na	54.36	12.16	27.30	72%	2755072	0	0	54.402427
yeast.S_pseudosimplitigs.k_17.d_1	yeast	pseudosimplitigs	17	1	42.67	0.85	33.31	80%	1902480	0	0	42.701858
yeast.S_pseudosimplitigs.k_17.d_2	yeast	pseudosimplitigs	17	2	42.32	0.81	32.83	79%	2176112	0	0	42.372714
yeast.S_pseudosimplitigs.k_17.d_3	yeast	pseudosimplitigs	17	3	43.65	0.78	34.22	80%	2732096	0	0	43.715941
yeast.S_pseudosimplitigs.k_17.d_4	yeast	pseudosimplitigs	17	4	46.00	0.79	36.49	81%	2000896	0	0	46.061132
yeast.S_pseudosimplitigs.k_17.d_5	yeast	pseudosimplitigs	17	5	48.54	0.85	38.94	81%	2035296	0	0	48.586375
yeast.S_streaming.k_17.d_na	yeast	streaming	17	na	35.79	8.32	10.44	52%	461520	0	0	35.848855
yeast.S_greedy.k_18.d_na	yeast	greedy	18	na	38.02	2.10	26.28	74%	2823696	0	0	38.107693
yeast.S_pseudosimplitigs.k_18.d_1	yeast	pseudosimplitigs	18	1	46.16	1.76	34.41	78%	2166912	0	0	46.213425
yeast.S_pseudosimplitigs.k_18.d_2	yeast	pseudosimplitigs	18	2	50.95	2.55	38.04	79%	1256352	0	0	51.011523
yeast.S_pseudosimplitigs.k_18.d_3	yeast	pseudosimplitigs	18	3	47.64	2.07	36.14	80%	1647008	0	0	47.705473
yeast.S_pseudosimplitigs.k_18.d_4	yeast	pseudosimplitigs	18	4	92.41	23.95	43.20	72%	1394640	0	0	92.508169
yeast.S_pseudosimplitigs.k_18.d_5	yeast	pseudosimplitigs	18	5	47.87	0.98	38.02	81%	1762512	0	0	47.90952
yeast.S_streaming.k_18.d_na	yeast	streaming	18	na	10.08	0.12	8.91	89%	568640	0	0	10.133652
yeast.S_greedy.k_19.d_na	yeast	greedy	19	na	44.58	4.48	28.92	74%	2440896	0	0	44.606642
yeast.S_pseudosimplitigs.k_19.d_1	yeast	pseudosimplitigs	19	1	44.72	1.17	34.41	79%	1872896	0	0	44.782506
yeast.S_pseudosimplitigs.k_19.d_2	yeast	pseudosimplitigs	19	2	45.36	0.92	35.41	80%	2381104	0	0	45.44068
yeast.S_pseudosimplitigs.k_19.d_3	yeast	pseudosimplitigs	19	3	48.88	2.46	36.37	79%	1656768	0	0	48.931049
yeast.S_pseudosimplitigs.k_19.d_4	yeast	pseudosimplitigs	19	4	50.93	3.61	36.65	79%	1763984	0	0	50.979525
yeast.S_pseudosimplitigs.k_19.d_5	yeast	pseudosimplitigs	19	5	50.63	0.74	41.12	82%	1725072	0	0	50.688844
yeast.S_streaming.k_19.d_na	yeast	streaming	19	na	10.29	0.16	9.11	90%	477568	0	0	10.320422
yeast.S_greedy.k_20.d_na	yeast	greedy	20	na	101.47	41.62	28.52	69%	2681888	0	0	101.527651
yeast.S_pseudosimplitigs.k_20.d_1	yeast	pseudosimplitigs	20	1	45.35	1.38	34.81	79%	1731600	0	0	45.453693
yeast.S_pseudosimplitigs.k_20.d_2	yeast	pseudosimplitigs	20	2	51.38	3.55	36.93	78%	1769392	0	0	51.418353
yeast.S_pseudosimplitigs.k_20.d_3	yeast	pseudosimplitigs	20	3	49.09	1.44	38.31	80%	1698240	0	0	49.150418
yeast.S_pseudosimplitigs.k_20.d_4	yeast	pseudosimplitigs	20	4	48.45	0.72	38.99	81%	2083008	0	0	48.516956
yeast.S_pseudosimplitigs.k_20.d_5	yeast	pseudosimplitigs	20	5	50.89	1.10	40.83	82%	1991200	0	0	50.948745
yeast.S_streaming.k_20.d_na	yeast	streaming	20	na	10.20	0.13	8.89	88%	529696	0	0	10.243775
